user_id,avg_session_duration,purchase_count,subscription_type,churned
1,6.06,2,Free,0
2,13.49,0,Premium,0
3,8.62,1,Free,0
4,16.51,0,Free,1
5,11.85,0,Free,1
6,17.43,2,Free,1
7,4.16,0,Free,1
8,9.54,3,Free,1
9,13.15,0,Free,1
10,6.46,1,Free,0
11,6.61,0,Free,0
12,9.38,0,Free,0
13,4.26,0,Free,1
14,8.1,1,Free,0
15,11.99,0,Free,0
16,13.69,2,Free,1
17,9.74,2,Free,0
18,5.97,1,Free,0
19,16.55,1,Free,0
20,8.74,1,Free,0
21,12.08,0,Free,1
22,26.19,1,Premium,0
23,11.13,2,Free,0
24,19.74,0,Premium,1
25,37.3,0,Premium,0
26,27.77,0,Premium,0
27,35.67,0,Premium,0
28,5.66,2,Free,0
29,24.36,3,Premium,0
30,7.32,0,Free,1
31,14.15,2,Free,1
32,16.35,1,Free,0
33,15.03,2,Free,0
34,16.32,0,Free,0
35,6.98,2,Free,0
36,11.97,0,Free,0
37,21.41,0,Premium,0
38,19.94,0,Premium,0
39,44.04,0,Premium,1
40,13.68,0,Free,1
41,26.12,1,Premium,0
42,16.16,1,Free,0
43,14.95,2,Premium,0
44,14.36,0,Free,1
45,12.6,1,Free,1
46,13.32,1,Free,1
47,29.82,2,Premium,0
48,34.23,2,Premium,0
49,12.78,0,Free,0
50,4.22,6,Free,1
51,4.2,2,Free,0
52,7.42,0,Free,0
53,8.98,1,Free,0
54,14.52,1,Free,1
55,14.28,0,Free,1
56,11.96,0,Free,0
57,29.62,2,Premium,0
58,14.29,0,Premium,0
59,14.78,0,Free,0
60,12.29,1,Free,0
61,26.88,0,Premium,0
62,6.68,1,Free,0
63,10.57,5,Free,0
64,10.65,0,Free,1
65,3.86,3,Free,1
66,7.2,3,Free,0
67,6.76,2,Free,0
68,10.59,0,Premium,0
69,8.23,1,Free,0
70,9.48,0,Free,0
71,13.24,0,Free,1
72,31.41,3,Premium,0
73,14.9,0,Free,1
74,23.51,0,Premium,0
75,12.84,2,Free,0
76,3.24,1,Free,0
77,30.64,2,Premium,0
78,7.58,2,Free,0
79,16.17,0,Free,1
80,13.39,0,Free,0
81,6.84,0,Free,0
82,13.01,2,Free,0
83,8.93,6,Free,1
84,13.72,2,Free,0
85,9.52,0,Free,1
86,26.84,2,Premium,0
87,12.78,1,Free,0
88,8.39,0,Free,1
89,12.5,3,Free,1
90,15.0,1,Free,0
91,5.81,0,Free,0
92,5.54,0,Free,1
93,16.45,0,Free,1
94,6.0,1,Free,1
95,10.55,2,Free,0
96,6.89,2,Free,1
97,17.18,0,Premium,0
98,5.91,1,Free,0
99,27.02,1,Premium,0
100,27.3,1,Premium,0
101,13.38,2,Free,0
102,8.66,1,Free,0
103,15.82,2,Free,0
104,10.64,1,Free,1
105,18.87,2,Premium,0
106,7.33,3,Free,0
107,17.0,0,Free,1
108,19.19,0,Free,1
109,4.43,2,Free,1
110,22.16,4,Premium,0
111,6.29,2,Free,1
112,9.5,3,Free,0
113,23.82,0,Premium,0
114,13.95,0,Free,0
115,23.15,0,Premium,0
116,12.21,0,Free,1
117,6.88,0,Free,0
118,39.69,0,Premium,0
119,11.77,3,Free,1
120,15.13,1,Free,0
121,10.6,0,Free,1
122,10.7,2,Free,0
123,6.15,1,Free,0
124,8.95,1,Free,1
125,10.68,2,Free,0
126,12.57,2,Free,0
127,25.29,4,Premium,0
128,7.11,0,Free,0
129,1.26,0,Free,1
130,29.78,0,Premium,0
131,12.81,2,Free,0
132,14.69,0,Free,1
133,8.58,0,Free,0
134,44.69,1,Premium,0
135,13.53,3,Free,0
136,19.08,4,Premium,0
137,14.27,1,Free,0
138,3.47,3,Free,0
139,11.94,1,Free,0
140,3.6,1,Free,0
141,12.3,1,Free,0
142,6.33,2,Free,1
143,11.3,0,Free,1
144,8.4,0,Free,0
145,7.75,0,Free,1
146,30.64,2,Premium,0
147,17.54,0,Free,0
148,9.06,0,Free,0
149,9.39,3,Free,0
150,10.76,1,Free,1
151,15.6,0,Free,1
152,13.59,2,Free,0
153,10.03,2,Free,0
154,9.45,4,Free,0
155,8.61,0,Free,0
156,8.29,0,Free,1
157,6.18,0,Free,1
158,17.34,2,Free,0
159,18.98,0,Free,1
160,5.58,3,Free,0
161,22.96,0,Premium,0
162,9.64,0,Free,1
163,8.38,1,Free,0
164,13.94,1,Free,0
165,24.04,1,Premium,0
166,12.38,0,Free,0
167,16.32,0,Free,1
168,12.36,2,Free,1
169,19.47,0,Free,0
170,3.76,0,Free,1
171,12.77,0,Free,1
172,11.79,0,Free,1
173,7.96,4,Free,0
174,12.29,0,Free,0
175,4.59,0,Free,1
176,13.14,3,Free,0
177,39.6,1,Premium,0
178,9.88,0,Free,0
179,13.02,1,Free,0
180,9.91,1,Free,0
181,15.33,2,Free,1
182,17.49,0,Premium,0
183,29.02,0,Premium,1
184,4.33,0,Free,1
185,10.95,1,Free,0
186,10.16,0,Free,1
187,12.15,1,Free,0
188,9.65,2,Free,1
189,32.94,2,Premium,0
190,23.14,0,Premium,0
191,7.25,0,Free,1
192,8.94,3,Free,0
193,8.48,0,Free,1
194,6.7,2,Free,0
195,17.91,1,Free,1
196,24.34,1,Premium,0
197,6.68,0,Free,0
198,13.08,1,Free,0
199,7.5,0,Free,1
200,29.44,2,Premium,0
201,11.48,0,Free,1
202,9.41,3,Free,0
203,17.67,1,Free,0
204,5.44,1,Free,1
205,13.54,2,Free,0
206,10.46,0,Free,1
207,37.61,0,Premium,1
208,8.32,1,Free,0
209,20.55,2,Premium,0
210,13.02,0,Free,0
211,10.72,0,Free,1
212,6.52,2,Free,0
213,14.18,1,Free,0
214,6.18,0,Free,0
215,8.97,0,Free,1
216,26.8,0,Premium,0
217,9.18,2,Free,1
218,20.91,0,Premium,0
219,10.78,6,Free,0
220,16.8,3,Free,0
221,12.74,0,Free,1
222,17.92,1,Free,1
223,14.66,0,Free,0
224,5.54,0,Free,0
225,25.26,2,Premium,0
226,6.16,2,Free,0
227,9.65,0,Free,1
228,7.98,1,Free,1
229,19.79,0,Free,0
230,2.53,2,Free,1
231,32.33,0,Premium,0
232,13.96,2,Free,0
233,20.52,2,Premium,0
234,13.57,0,Premium,1
235,9.36,1,Free,0
236,29.57,0,Premium,0
237,20.52,1,Premium,0
238,11.65,1,Free,0
239,13.24,2,Free,0
240,15.82,3,Free,0
241,12.92,1,Free,0
242,9.47,0,Free,1
243,11.76,4,Free,0
244,13.84,2,Free,0
245,15.17,0,Free,1
246,31.66,0,Premium,0
247,10.34,1,Free,0
248,10.68,1,Free,0
249,6.76,1,Free,0
250,13.39,3,Free,0
251,4.86,0,Free,1
252,10.63,2,Free,0
253,10.36,2,Free,1
254,6.75,2,Free,0
255,11.23,4,Free,0
256,6.22,0,Free,1
257,4.73,0,Free,1
258,32.3,3,Premium,0
259,5.82,2,Free,0
260,5.91,2,Free,0
261,11.86,2,Free,0
262,12.63,6,Free,0
263,8.36,0,Free,0
264,5.01,0,Free,0
265,7.24,0,Free,0
266,29.7,0,Premium,0
267,10.27,0,Free,1
268,3.9,0,Free,1
269,11.16,3,Free,0
270,6.5,0,Free,1
271,9.85,2,Free,0
272,19.84,2,Premium,0
273,13.52,1,Free,1
274,1.15,0,Free,1
275,11.6,1,Free,0
276,36.72,0,Premium,0
277,37.8,1,Premium,0
278,10.35,0,Free,0
279,7.07,1,Free,0
280,6.99,0,Free,0
281,11.38,0,Free,1
282,10.26,1,Free,0
283,4.42,2,Free,0
284,10.6,1,Free,0
285,5.77,0,Free,0
286,30.69,2,Premium,0
287,13.93,0,Free,1
288,6.26,1,Free,0
289,16.67,1,Free,0
290,7.15,0,Free,0
291,9.48,0,Free,0
292,5.22,0,Free,1
293,31.07,2,Premium,0
294,12.62,2,Free,0
295,11.26,2,Free,0
296,7.52,0,Free,1
297,12.2,0,Free,0
298,13.76,2,Free,1
299,12.65,1,Free,0
300,12.24,1,Free,0
301,11.26,0,Free,0
302,10.93,1,Free,1
303,9.31,3,Free,1
304,11.1,0,Free,0
305,11.81,2,Free,0
306,13.93,0,Free,0
307,11.93,3,Free,0
308,4.52,0,Free,1
309,7.26,1,Free,0
310,9.41,5,Free,1
311,15.24,0,Free,1
312,5.88,0,Free,1
313,21.33,1,Premium,0
314,8.79,0,Free,0
315,34.29,0,Premium,0
316,13.27,2,Free,0
317,9.96,2,Free,0
318,8.97,4,Free,0
319,9.0,0,Free,0
320,35.37,0,Premium,1
321,14.4,0,Free,1
322,31.14,0,Premium,0
323,9.95,0,Free,0
324,6.48,0,Free,0
325,14.19,0,Premium,0
326,9.77,4,Free,1
327,7.96,2,Free,1
328,2.72,1,Free,1
329,11.55,3,Free,0
330,8.23,0,Free,1
331,25.73,0,Premium,0
332,12.12,0,Free,0
333,7.82,0,Free,0
334,4.75,0,Free,1
335,6.62,4,Free,0
336,13.49,4,Free,0
337,10.77,2,Free,0
338,10.34,0,Free,1
339,25.46,0,Premium,0
340,8.8,0,Free,0
341,10.32,1,Free,0
342,15.35,3,Free,0
343,8.13,1,Free,0
344,28.82,0,Premium,1
345,12.07,1,Free,0
346,9.52,0,Free,0
347,14.79,0,Premium,1
348,10.92,0,Free,0
349,11.56,1,Free,1
350,6.72,0,Free,1
351,36.48,2,Premium,0
352,12.42,0,Free,1
353,13.73,0,Free,0
354,12.5,0,Free,0
355,18.03,1,Premium,0
356,10.42,2,Free,0
357,10.49,0,Free,1
358,10.67,1,Free,0
359,28.29,3,Premium,0
360,30.98,4,Premium,0
361,7.54,1,Free,0
362,27.94,3,Premium,0
363,15.55,1,Premium,0
364,7.87,0,Free,1
365,11.87,3,Free,0
366,8.87,4,Free,1
367,35.34,1,Premium,0
368,25.06,1,Premium,0
369,8.92,2,Free,0
370,16.67,1,Free,0
371,3.16,0,Free,1
372,9.4,1,Free,0
373,10.49,1,Free,0
374,10.7,0,Free,0
375,12.65,3,Free,0
376,16.89,0,Free,0
377,23.83,4,Premium,0
378,9.39,0,Free,1
379,9.84,2,Free,0
380,9.72,2,Free,0
381,17.6,0,Free,1
382,13.28,0,Premium,0
383,17.26,0,Free,1
384,19.89,1,Free,0
385,23.08,1,Premium,0
386,12.18,4,Free,0
387,8.86,2,Free,1
388,9.06,0,Free,0
389,29.39,0,Premium,1
390,8.11,0,Free,1
391,14.33,0,Free,0
392,6.99,1,Free,1
393,11.6,3,Free,0
394,12.31,3,Free,0
395,1.73,0,Free,1
396,12.14,0,Free,0
397,12.03,1,Free,0
398,12.55,5,Free,1
399,15.74,0,Free,1
400,20.46,2,Premium,0
401,14.17,0,Free,1
402,10.49,1,Free,0
403,7.94,0,Free,1
404,7.06,0,Free,0
405,24.19,1,Premium,0
406,2.75,0,Free,1
407,30.32,1,Premium,0
408,18.56,0,Premium,1
409,10.35,5,Free,0
410,30.88,1,Premium,0
411,9.8,1,Free,0
412,26.53,3,Premium,0
413,11.93,1,Free,0
414,10.68,0,Free,1
415,10.68,0,Free,0
416,18.43,1,Free,0
417,11.0,1,Free,0
418,24.99,0,Premium,0
419,32.35,1,Premium,0
420,12.21,0,Free,1
421,11.62,1,Free,1
422,12.31,1,Free,0
423,11.46,0,Free,0
424,10.54,1,Free,0
425,10.27,1,Free,0
426,14.7,1,Free,0
427,13.29,2,Free,0
428,20.17,1,Premium,0
429,8.88,1,Free,0
430,6.25,1,Free,0
431,12.95,2,Free,0
432,16.32,0,Free,1
433,10.79,2,Free,0
434,8.54,0,Free,1
435,2.23,0,Free,1
436,6.38,2,Free,0
437,6.71,1,Free,1
438,14.17,0,Free,0
439,31.81,0,Premium,0
440,3.36,0,Free,1
441,12.52,0,Free,1
442,12.04,1,Free,1
443,23.4,1,Premium,0
444,12.44,1,Free,0
445,7.84,0,Free,1
446,10.51,4,Free,1
447,6.89,0,Free,0
448,22.44,0,Premium,1
449,5.14,0,Free,0
450,9.17,4,Free,1
451,6.64,0,Free,1
452,10.6,0,Free,1
453,10.83,0,Free,1
454,30.08,0,Premium,0
455,32.77,0,Premium,1
456,15.52,1,Free,0
457,6.18,0,Free,0
458,15.23,0,Free,0
459,30.41,1,Premium,0
460,3.76,2,Free,1
461,10.29,0,Free,1
462,1.99,0,Free,1
463,9.07,0,Free,0
464,9.92,3,Free,0
465,18.02,1,Premium,0
466,30.68,1,Premium,0
467,25.04,1,Premium,0
468,39.01,0,Premium,0
469,8.52,2,Free,0
470,10.31,4,Free,0
471,11.11,1,Free,0
472,8.87,5,Free,0
473,8.09,0,Free,1
474,22.05,0,Premium,1
475,8.6,1,Free,0
476,14.61,0,Free,1
477,17.28,0,Free,1
478,18.0,0,Free,0
479,9.56,0,Free,0
480,6.5,0,Free,1
481,31.87,0,Premium,0
482,4.24,0,Free,1
483,6.88,1,Free,1
484,13.86,1,Free,0
485,5.34,2,Free,0
486,10.79,0,Free,1
487,10.69,0,Free,1
488,26.19,1,Premium,0
489,8.57,0,Free,0
490,10.88,0,Free,1
491,11.97,2,Free,1
492,7.68,4,Free,0
493,9.94,2,Free,0
494,10.58,1,Free,0
495,16.0,0,Free,1
496,16.66,2,Free,0
497,15.15,0,Free,0
498,7.38,1,Free,0
499,11.22,1,Free,1
500,29.17,3,Premium,0
501,16.7,0,Free,0
502,7.35,0,Free,1
503,26.0,3,Premium,0
504,6.81,3,Free,1
505,13.32,1,Free,0
506,13.04,1,Free,0
507,26.37,2,Premium,0
508,9.79,0,Free,1
509,13.36,1,Free,0
510,8.9,0,Free,1
511,14.23,3,Free,0
512,7.04,0,Free,1
513,17.77,1,Free,1
514,11.06,0,Free,0
515,1.77,0,Free,1
516,14.94,1,Free,0
517,11.59,3,Free,0
518,15.66,2,Free,0
519,9.2,0,Free,0
520,7.65,0,Free,1
521,40.1,2,Premium,0
522,25.29,0,Premium,1
523,16.24,0,Free,1
524,3.79,0,Free,1
525,8.04,3,Free,0
526,3.06,0,Free,1
527,11.44,0,Free,0
528,13.1,0,Free,0
529,7.38,0,Free,0
530,10.06,2,Free,0
531,21.62,0,Premium,1
532,13.62,1,Free,0
533,19.36,0,Premium,1
534,7.86,1,Free,1
535,10.36,3,Free,0
536,10.98,3,Free,1
537,8.96,0,Free,0
538,6.23,5,Free,0
539,10.11,0,Free,0
540,13.2,0,Free,0
541,9.41,0,Free,0
542,25.64,0,Premium,1
543,30.97,0,Premium,1
544,1.6,0,Free,1
545,11.95,1,Free,0
546,8.64,4,Free,1
547,15.41,0,Free,1
548,17.66,0,Premium,1
549,12.46,0,Free,1
550,11.12,5,Free,0
551,13.17,0,Free,1
552,19.72,0,Free,0
553,9.49,1,Free,0
554,8.19,0,Free,1
555,8.56,2,Free,0
556,11.12,0,Free,0
557,13.54,0,Free,1
558,18.49,0,Free,1
559,9.15,1,Free,1
560,13.7,1,Free,0
561,3.93,0,Free,1
562,13.73,3,Free,0
563,25.3,4,Premium,0
564,14.22,3,Free,0
565,12.36,0,Free,1
566,7.33,1,Free,0
567,11.43,2,Free,0
568,12.7,4,Free,0
569,7.88,1,Free,0
570,14.11,2,Free,0
571,13.52,0,Free,0
572,12.42,2,Free,1
573,14.06,4,Free,1
574,16.1,1,Free,0
575,13.6,2,Free,1
576,12.12,5,Free,0
577,13.33,2,Free,0
578,9.0,1,Free,0
579,13.19,0,Free,1
580,6.61,1,Free,1
581,26.51,1,Premium,0
582,3.3,0,Free,1
583,9.39,0,Free,1
584,10.56,1,Free,0
585,10.42,0,Free,1
586,8.99,3,Free,0
587,14.1,2,Free,0
588,13.19,0,Free,1
589,7.47,0,Free,0
590,35.59,1,Premium,0
591,11.31,0,Premium,0
592,23.33,1,Premium,0
593,13.48,1,Free,0
594,10.39,0,Free,0
595,10.41,1,Free,1
596,6.95,1,Free,0
597,10.25,1,Premium,0
598,11.16,1,Free,0
599,13.38,0,Premium,0
600,13.5,1,Free,0
601,10.74,2,Free,0
602,11.86,5,Free,0
603,5.34,4,Free,0
604,16.24,0,Premium,0
605,1.85,0,Free,1
606,12.38,3,Free,0
607,6.85,1,Free,0
608,10.12,0,Free,1
609,31.7,0,Premium,0
610,9.88,0,Free,0
611,29.65,2,Premium,0
612,10.58,0,Free,1
613,19.9,1,Premium,0
614,19.6,0,Premium,1
615,7.89,0,Free,1
616,8.0,2,Free,0
617,14.88,0,Free,1
618,8.36,2,Free,0
619,22.76,2,Premium,0
620,8.62,3,Free,0
621,7.66,2,Free,1
622,12.26,0,Free,1
623,7.09,0,Free,1
624,10.14,0,Free,1
625,8.22,2,Free,0
626,8.94,1,Free,0
627,16.16,0,Free,0
628,37.64,0,Premium,1
629,10.1,1,Free,0
630,3.76,0,Free,1
631,13.16,1,Free,0
632,13.39,0,Free,1
633,17.74,0,Free,0
634,14.0,4,Free,0
635,32.53,2,Premium,0
636,26.42,1,Premium,0
637,8.92,0,Free,1
638,11.78,1,Free,1
639,1.76,1,Free,1
640,17.13,2,Free,1
641,12.86,0,Free,0
642,9.26,0,Free,0
643,10.73,0,Premium,1
644,8.31,1,Free,0
645,4.45,1,Free,1
646,12.56,2,Free,1
647,11.64,3,Free,0
648,15.36,1,Free,1
649,24.55,0,Premium,0
650,3.95,1,Free,0
651,11.12,0,Free,0
652,9.36,3,Free,0
653,9.97,1,Free,0
654,8.36,1,Free,0
655,3.21,0,Free,1
656,27.99,1,Premium,0
657,13.33,0,Free,0
658,9.39,1,Free,0
659,6.2,0,Free,1
660,8.73,0,Free,1
661,9.73,0,Free,1
662,3.31,0,Free,1
663,8.56,0,Free,1
664,21.68,4,Premium,0
665,11.27,0,Free,1
666,10.38,1,Free,0
667,5.76,1,Free,0
668,1.1,0,Free,1
669,21.01,1,Premium,0
670,7.05,2,Free,0
671,2.89,0,Free,1
672,13.61,1,Free,0
673,10.62,4,Free,0
674,11.33,3,Free,0
675,11.14,2,Free,0
676,9.28,1,Free,0
677,7.84,2,Free,0
678,4.55,3,Free,1
679,8.18,0,Free,1
680,32.29,0,Premium,1
681,20.98,2,Premium,0
682,13.6,3,Free,0
683,33.49,0,Premium,1
684,10.26,1,Free,0
685,14.3,0,Free,0
686,13.78,0,Free,1
687,9.89,0,Free,0
688,6.58,0,Free,0
689,10.28,1,Free,0
690,12.04,0,Free,1
691,11.73,3,Free,0
692,13.78,0,Free,1
693,7.67,1,Free,1
694,6.59,1,Free,0
695,11.42,1,Free,1
696,7.41,3,Free,0
697,16.0,0,Free,0
698,11.17,0,Free,1
699,12.45,0,Free,1
700,10.23,0,Free,1
701,29.73,1,Premium,0
702,9.9,3,Free,1
703,8.25,1,Free,0
704,7.69,0,Free,0
705,5.71,1,Free,0
706,9.6,2,Free,0
707,10.92,1,Free,0
708,21.04,1,Premium,0
709,18.72,0,Free,0
710,16.82,2,Free,1
711,13.35,2,Free,0
712,16.21,2,Free,0
713,4.24,0,Free,1
714,14.07,1,Free,0
715,17.81,0,Premium,0
716,10.38,1,Free,1
717,9.92,4,Free,0
718,12.7,0,Free,1
719,34.82,1,Premium,0
720,12.41,2,Free,0
721,14.43,2,Premium,0
722,2.61,0,Free,1
723,7.81,0,Free,0
724,1.83,0,Free,1
725,11.3,1,Free,0
726,30.8,2,Premium,0
727,6.31,0,Free,0
728,14.69,2,Free,0
729,13.68,3,Free,0
730,11.8,1,Free,0
731,25.95,2,Premium,0
732,21.07,3,Premium,0
733,8.07,0,Free,0
734,10.95,4,Free,0
735,14.62,0,Free,0
736,13.76,0,Free,0
737,11.24,2,Free,0
738,13.33,1,Free,0
739,11.89,1,Free,1
740,11.24,0,Free,0
741,20.62,1,Premium,0
742,18.64,2,Free,0
743,6.38,0,Free,1
744,17.22,0,Premium,1
745,11.87,0,Free,1
746,9.86,4,Free,1
747,8.48,4,Free,0
748,12.98,2,Free,0
749,40.61,0,Premium,0
750,6.0,2,Free,0
751,28.68,1,Premium,0
752,33.74,2,Premium,0
753,11.43,1,Free,0
754,8.18,1,Free,0
755,8.86,0,Free,1
756,12.5,0,Free,0
757,16.36,0,Free,0
758,11.44,0,Free,0
759,5.51,1,Free,0
760,23.94,1,Premium,0
761,36.83,0,Premium,0
762,23.04,0,Premium,0
763,11.44,2,Free,0
764,12.42,1,Free,0
765,3.61,1,Free,0
766,9.91,0,Free,1
767,19.31,0,Free,1
768,27.8,1,Premium,0
769,10.05,0,Free,1
770,11.1,0,Free,0
771,9.71,3,Free,0
772,26.19,0,Premium,0
773,5.12,0,Free,0
774,4.51,0,Free,1
775,28.48,4,Premium,0
776,10.6,0,Free,0
777,10.56,2,Free,0
778,30.65,1,Premium,0
779,13.55,4,Free,1
780,13.55,2,Premium,0
781,6.34,0,Free,1
782,17.33,0,Premium,0
783,10.75,0,Free,0
784,13.59,0,Free,1
785,17.74,1,Free,0
786,15.38,1,Free,0
787,8.76,0,Free,1
788,21.81,0,Premium,1
789,38.02,0,Premium,0
790,7.35,0,Free,0
791,5.21,1,Free,0
792,37.79,2,Premium,0
793,11.59,1,Free,0
794,10.04,1,Free,0
795,14.16,2,Free,0
796,13.18,1,Free,0
797,16.97,1,Free,0
798,11.36,0,Free,1
799,7.1,0,Free,1
800,15.84,0,Premium,0
801,13.92,2,Free,1
802,10.77,3,Free,0
803,21.42,3,Premium,0
804,11.82,1,Free,0
805,9.85,3,Free,1
806,12.6,1,Free,0
807,10.72,1,Free,0
808,23.44,0,Premium,1
809,6.94,2,Free,1
810,9.87,1,Free,0
811,32.39,0,Premium,1
812,10.77,1,Free,0
813,11.48,0,Free,1
814,5.58,0,Free,0
815,4.4,0,Free,1
816,7.77,1,Free,0
817,11.44,1,Free,1
818,17.34,0,Free,1
819,15.51,0,Free,0
820,7.63,2,Free,0
821,12.08,0,Free,0
822,13.47,0,Free,0
823,14.02,0,Free,1
824,10.69,1,Free,0
825,9.09,0,Free,1
826,5.6,1,Free,1
827,12.13,0,Free,0
828,5.02,3,Free,0
829,18.47,0,Premium,1
830,27.83,2,Premium,0
831,7.77,0,Free,1
832,6.33,1,Free,0
833,10.5,0,Premium,0
834,28.4,1,Premium,0
835,8.97,0,Free,1
836,11.39,3,Free,0
837,10.12,0,Free,1
838,18.02,0,Premium,0
839,9.82,3,Free,1
840,4.74,0,Free,1
841,3.1,0,Free,1
842,9.19,0,Free,1
843,9.84,1,Free,0
844,36.71,1,Premium,0
845,19.3,1,Free,0
846,11.3,1,Free,0
847,10.8,0,Free,1
848,14.75,1,Premium,0
849,6.78,3,Free,0
850,13.58,1,Free,0
851,38.22,0,Premium,1
852,14.07,0,Free,0
853,10.07,1,Free,0
854,14.73,2,Premium,0
855,2.38,0,Free,1
856,11.87,2,Free,0
857,12.59,2,Free,0
858,12.74,1,Free,0
859,8.17,2,Free,0
860,7.56,0,Free,1
861,13.58,0,Free,0
862,11.75,0,Free,1
863,17.3,0,Free,1
864,12.54,1,Free,0
865,9.86,1,Free,1
866,8.48,0,Free,1
867,2.55,1,Free,0
868,11.27,2,Free,0
869,8.81,3,Free,0
870,16.59,4,Free,0
871,14.81,1,Premium,0
872,25.7,1,Premium,0
873,6.02,1,Free,0
874,32.06,0,Premium,1
875,12.34,5,Free,1
876,33.23,1,Premium,0
877,5.84,0,Free,1
878,8.2,0,Free,0
879,7.21,0,Free,0
880,15.37,0,Free,0
881,2.78,0,Free,1
882,14.92,0,Free,0
883,11.81,5,Free,1
884,1.02,0,Free,1
885,12.68,0,Free,0
886,8.83,0,Free,1
887,10.56,2,Free,0
888,2.73,0,Free,1
889,16.78,0,Premium,0
890,20.86,0,Premium,1
891,17.37,0,Free,0
892,20.59,3,Premium,0
893,14.16,1,Free,0
894,12.74,2,Free,0
895,37.67,0,Premium,0
896,11.36,1,Free,0
897,14.26,0,Free,0
898,11.41,2,Free,0
899,9.23,1,Free,0
900,13.68,0,Free,1
901,20.62,0,Premium,0
902,16.04,0,Free,1
903,10.06,0,Free,1
904,15.11,2,Free,0
905,8.06,1,Free,0
906,9.51,2,Free,0
907,13.48,3,Free,0
908,13.78,2,Free,1
909,13.08,0,Free,0
910,19.39,0,Free,1
911,10.28,3,Free,0
912,12.44,3,Free,0
913,11.28,1,Free,0
914,8.49,3,Free,1
915,11.12,0,Free,1
916,15.11,2,Free,1
917,39.42,0,Premium,0
918,12.96,1,Free,0
919,10.26,1,Free,0
920,11.76,3,Free,0
921,15.18,1,Premium,0
922,14.26,1,Free,1
923,28.51,2,Premium,0
924,27.71,4,Premium,0
925,7.42,0,Free,1
926,6.93,4,Free,0
927,16.07,0,Free,1
928,10.47,0,Free,1
929,19.1,1,Free,0
930,11.78,4,Free,0
931,32.83,1,Premium,0
932,23.85,0,Premium,1
933,11.12,0,Free,1
934,6.84,0,Free,1
935,15.83,0,Free,1
936,28.32,1,Premium,0
937,13.79,3,Free,1
938,9.8,2,Free,0
939,9.97,0,Free,0
940,29.57,0,Premium,0
941,10.18,0,Free,0
942,12.23,2,Free,0
943,13.0,0,Free,1
944,2.86,0,Free,1
945,13.75,1,Free,0
946,29.38,0,Premium,0
947,11.92,2,Free,0
948,11.11,1,Free,0
949,9.86,0,Free,1
950,5.74,1,Free,0
951,20.23,4,Premium,0
952,6.26,2,Free,0
953,37.38,1,Premium,0
954,12.84,1,Free,0
955,35.25,0,Premium,1
956,9.18,0,Free,1
957,18.3,0,Premium,0
958,10.7,4,Free,0
959,9.04,1,Free,0
960,14.95,0,Free,1
961,11.42,3,Free,0
962,14.32,0,Free,1
963,14.9,0,Free,1
964,7.51,0,Free,1
965,6.25,1,Free,0
966,14.86,3,Free,0
967,15.46,1,Free,0
968,15.42,0,Free,1
969,11.25,0,Free,1
970,8.65,3,Free,0
971,7.22,0,Free,1
972,9.44,1,Free,1
973,13.08,3,Free,1
974,37.83,1,Premium,0
975,34.01,0,Premium,0
976,9.38,0,Premium,1
977,14.52,0,Free,0
978,13.03,1,Free,0
979,5.78,0,Free,0
980,8.72,0,Free,0
981,25.94,0,Premium,1
982,37.38,0,Premium,0
983,13.4,1,Free,0
984,8.1,0,Free,1
985,11.07,1,Free,1
986,28.22,1,Premium,0
987,12.28,1,Free,0
988,8.97,2,Free,0
989,9.16,0,Free,0
990,10.39,2,Free,0
991,7.13,2,Free,0
992,13.98,0,Free,1
993,22.15,5,Premium,0
994,9.85,0,Free,1
995,33.9,0,Premium,0
996,4.15,4,Free,0
997,28.08,0,Premium,1
998,24.46,0,Premium,0
999,29.38,2,Premium,0
1000,12.35,0,Free,0
1001,8.11,2,Free,1
1002,11.69,2,Free,0
1003,16.09,2,Free,0
1004,4.46,0,Free,1
1005,12.69,0,Free,0
1006,29.86,0,Premium,0
1007,11.61,0,Free,1
1008,10.14,2,Free,0
1009,38.38,0,Premium,1
1010,33.83,1,Premium,0
1011,14.62,3,Free,0
1012,8.84,1,Free,0
1013,9.45,2,Free,0
1014,13.5,1,Free,0
1015,11.07,2,Free,0
1016,5.63,1,Free,0
1017,14.38,1,Free,1
1018,9.45,2,Free,0
1019,7.92,1,Free,0
1020,23.47,1,Premium,0
1021,31.87,2,Premium,0
1022,11.98,6,Free,0
1023,22.05,0,Premium,0
1024,8.96,0,Free,1
1025,10.87,1,Free,0
1026,10.95,1,Free,0
1027,9.4,3,Free,0
1028,14.35,1,Free,1
1029,11.88,0,Free,0
1030,23.42,0,Premium,0
1031,36.24,0,Premium,0
1032,24.34,2,Premium,0
1033,7.05,0,Free,1
1034,10.73,0,Free,0
1035,19.16,0,Premium,0
1036,10.12,1,Free,0
1037,13.9,2,Free,0
1038,32.44,2,Premium,0
1039,8.13,0,Free,1
1040,2.77,2,Free,1
1041,10.9,2,Free,0
1042,11.22,4,Free,1
1043,8.23,2,Free,0
1044,9.47,2,Free,1
1045,19.05,0,Free,0
1046,14.09,0,Free,1
1047,10.81,1,Free,0
1048,7.92,7,Free,0
1049,3.82,1,Free,0
1050,7.52,1,Free,0
1051,3.22,3,Free,1
1052,12.7,0,Free,0
1053,9.51,2,Free,0
1054,22.87,0,Premium,1
1055,15.7,1,Free,0
1056,7.96,0,Free,1
1057,9.33,2,Free,0
1058,12.79,2,Free,0
1059,1.09,0,Free,1
1060,14.38,0,Free,1
1061,15.39,1,Free,0
1062,8.76,2,Free,0
1063,23.24,0,Premium,1
1064,32.71,3,Premium,0
1065,8.64,4,Free,1
1066,28.75,0,Premium,0
1067,15.61,1,Free,0
1068,14.8,0,Free,0
1069,7.89,0,Free,1
1070,24.2,3,Premium,0
1071,9.96,1,Free,0
1072,29.0,1,Premium,0
1073,10.93,0,Free,1
1074,5.64,4,Free,0
1075,9.77,0,Free,1
1076,11.66,3,Free,0
1077,36.21,0,Premium,0
1078,31.78,0,Premium,0
1079,17.55,0,Free,1
1080,11.38,0,Free,1
1081,4.27,0,Free,1
1082,14.72,0,Free,0
1083,9.7,1,Free,1
1084,2.15,1,Free,1
1085,15.86,0,Free,0
1086,11.83,1,Free,0
1087,12.3,0,Free,1
1088,37.58,0,Premium,1
1089,14.3,0,Free,1
1090,15.6,0,Free,1
1091,12.48,2,Free,0
1092,13.12,0,Free,1
1093,8.37,2,Free,0
1094,11.17,3,Free,0
1095,17.17,0,Free,1
1096,24.49,0,Premium,0
1097,5.54,1,Free,0
1098,11.01,2,Free,0
1099,7.32,3,Free,0
1100,28.21,2,Premium,0
1101,29.68,1,Premium,0
1102,9.96,0,Free,1
1103,14.2,0,Free,0
1104,21.46,3,Premium,0
1105,10.12,1,Free,1
1106,1.31,0,Free,1
1107,31.65,0,Premium,0
1108,26.52,4,Premium,0
1109,6.58,2,Free,0
1110,2.17,0,Free,1
1111,13.03,1,Free,0
1112,13.75,1,Free,0
1113,18.88,1,Free,0
1114,12.62,0,Free,1
1115,10.28,3,Free,1
1116,13.84,1,Free,1
1117,10.57,0,Free,1
1118,16.47,0,Free,1
1119,37.12,0,Premium,0
1120,14.32,5,Free,1
1121,1.04,1,Free,0
1122,6.26,3,Free,0
1123,6.91,0,Free,1
1124,8.33,1,Free,0
1125,5.43,1,Free,0
1126,9.46,3,Free,0
1127,29.74,1,Premium,0
1128,11.37,0,Free,1
1129,28.38,1,Premium,0
1130,18.11,1,Free,1
1131,10.46,2,Free,0
1132,9.96,1,Free,0
1133,11.17,4,Free,0
1134,27.81,0,Premium,0
1135,11.16,4,Free,0
1136,29.96,3,Premium,0
1137,34.19,0,Premium,1
1138,17.79,0,Premium,1
1139,11.11,3,Free,0
1140,8.73,1,Free,1
1141,11.77,0,Free,0
1142,9.06,1,Free,1
1143,7.42,3,Free,0
1144,8.5,3,Free,1
1145,10.11,1,Free,0
1146,6.81,0,Free,1
1147,10.08,1,Free,0
1148,30.03,3,Premium,0
1149,8.65,1,Free,0
1150,23.78,0,Premium,1
1151,8.3,1,Free,0
1152,6.36,2,Free,1
1153,8.28,0,Free,0
1154,14.32,3,Free,0
1155,11.81,4,Free,0
1156,26.5,3,Premium,0
1157,16.32,0,Free,1
1158,12.77,0,Premium,1
1159,7.17,0,Free,1
1160,10.27,1,Free,0
1161,19.04,0,Free,1
1162,21.22,2,Premium,0
1163,17.21,0,Free,1
1164,7.61,0,Free,1
1165,16.99,1,Free,0
1166,9.17,1,Free,0
1167,12.92,1,Free,0
1168,10.74,2,Free,0
1169,26.27,1,Premium,0
1170,11.98,2,Free,1
1171,12.22,0,Free,0
1172,12.01,3,Free,0
1173,5.34,0,Free,0
1174,13.86,0,Free,0
1175,11.56,0,Free,0
1176,11.84,1,Free,0
1177,19.53,0,Premium,0
1178,9.22,2,Free,1
1179,31.3,2,Premium,0
1180,29.78,0,Premium,0
1181,11.27,0,Free,1
1182,21.84,0,Premium,0
1183,13.45,0,Free,0
1184,20.9,1,Premium,0
1185,11.15,0,Premium,0
1186,14.16,5,Free,1
1187,8.77,1,Free,1
1188,6.0,0,Free,0
1189,9.3,1,Free,1
1190,11.17,0,Free,1
1191,8.9,0,Free,1
1192,12.22,1,Free,0
1193,17.72,1,Free,1
1194,6.74,2,Free,0
1195,4.93,0,Free,1
1196,17.16,2,Free,0
1197,8.44,3,Free,0
1198,8.87,1,Free,1
1199,8.56,3,Free,0
1200,7.95,5,Free,0
1201,8.38,0,Free,0
1202,18.6,0,Free,1
1203,13.61,0,Free,0
1204,13.53,1,Premium,0
1205,9.18,0,Free,0
1206,28.05,0,Premium,1
1207,13.37,0,Free,1
1208,8.28,0,Free,0
1209,23.0,6,Premium,0
1210,12.06,0,Free,1
1211,9.6,1,Free,0
1212,9.42,0,Free,1
1213,9.5,0,Free,1
1214,14.65,0,Free,1
1215,17.07,0,Free,1
1216,9.34,2,Free,1
1217,14.22,2,Free,0
1218,8.74,0,Free,0
1219,8.78,1,Free,0
1220,7.34,2,Free,0
1221,8.4,2,Free,0
1222,17.28,0,Free,0
1223,27.98,1,Premium,0
1224,9.66,2,Free,0
1225,7.51,0,Free,1
1226,4.58,0,Free,1
1227,15.96,0,Free,0
1228,35.25,0,Premium,0
1229,11.24,2,Free,0
1230,8.54,4,Free,0
1231,13.25,3,Free,0
1232,11.36,1,Free,0
1233,11.08,1,Free,0
1234,8.35,2,Free,0
1235,14.75,1,Free,0
1236,27.11,1,Premium,0
1237,9.49,2,Free,0
1238,7.72,0,Free,0
1239,11.03,0,Free,0
1240,13.16,0,Free,0
1241,13.03,1,Free,1
1242,10.92,1,Free,0
1243,14.22,0,Free,0
1244,12.12,2,Free,0
1245,36.37,0,Premium,0
1246,12.17,1,Free,1
1247,9.97,7,Free,0
1248,6.74,0,Free,1
1249,10.24,0,Free,0
1250,13.38,0,Free,0
1251,7.13,1,Free,0
1252,9.83,1,Free,0
1253,8.66,0,Free,0
1254,25.41,1,Premium,0
1255,12.18,0,Free,0
1256,14.1,1,Free,0
1257,4.47,0,Free,1
1258,15.65,1,Free,0
1259,18.56,2,Free,0
1260,26.88,0,Premium,0
1261,10.83,1,Free,1
1262,9.21,1,Free,0
1263,12.64,0,Free,1
1264,30.66,3,Premium,0
1265,40.92,0,Premium,0
1266,7.29,3,Free,1
1267,34.25,1,Premium,0
1268,6.99,0,Free,1
1269,10.3,0,Free,1
1270,13.15,2,Free,0
1271,14.84,0,Free,1
1272,16.12,0,Free,1
1273,8.69,3,Free,0
1274,15.3,0,Free,0
1275,31.3,0,Premium,0
1276,10.82,2,Free,0
1277,35.64,1,Premium,0
1278,9.52,2,Free,0
1279,10.04,1,Free,0
1280,35.99,1,Premium,0
1281,15.48,0,Free,1
1282,9.94,0,Free,1
1283,12.58,3,Free,0
1284,39.36,0,Premium,1
1285,9.11,0,Free,1
1286,7.14,2,Free,0
1287,8.14,0,Free,0
1288,7.72,1,Free,0
1289,13.75,0,Free,0
1290,10.82,2,Free,0
1291,4.06,0,Free,1
1292,4.88,0,Free,1
1293,8.0,0,Free,0
1294,18.21,0,Free,1
1295,18.65,1,Premium,0
1296,8.38,2,Free,0
1297,21.18,2,Premium,0
1298,3.69,1,Free,0
1299,11.96,0,Free,1
1300,4.04,0,Free,1
1301,3.71,0,Free,1
1302,11.42,0,Free,1
1303,10.25,1,Free,0
1304,12.66,2,Free,0
1305,5.17,0,Free,1
1306,25.02,0,Premium,1
1307,10.54,0,Free,0
1308,14.62,2,Free,0
1309,15.09,2,Free,0
1310,13.13,2,Free,0
1311,4.04,0,Free,1
1312,15.92,0,Free,1
1313,8.63,2,Free,0
1314,36.64,0,Premium,1
1315,7.38,1,Free,0
1316,25.0,0,Premium,1
1317,23.23,1,Premium,0
1318,19.46,0,Premium,1
1319,36.57,1,Premium,0
1320,12.35,2,Free,0
1321,11.72,0,Free,1
1322,22.78,3,Premium,0
1323,11.36,0,Free,0
1324,9.96,4,Free,0
1325,7.17,0,Free,1
1326,32.79,3,Premium,0
1327,11.99,2,Free,0
1328,1.98,0,Free,1
1329,22.27,2,Premium,0
1330,18.71,0,Free,1
1331,23.51,0,Premium,1
1332,17.03,2,Free,1
1333,10.46,2,Free,1
1334,13.1,1,Free,0
1335,13.64,0,Premium,0
1336,16.46,1,Free,0
1337,10.63,2,Free,0
1338,3.0,0,Free,1
1339,8.24,2,Free,1
1340,14.0,1,Free,0
1341,12.2,2,Free,0
1342,11.91,0,Free,1
1343,17.41,2,Free,0
1344,15.37,0,Free,0
1345,38.46,0,Premium,1
1346,5.29,1,Free,0
1347,17.4,0,Free,1
1348,17.08,3,Free,0
1349,14.97,0,Free,1
1350,14.47,2,Free,0
1351,12.84,0,Free,1
1352,3.78,2,Free,1
1353,15.83,2,Free,0
1354,11.99,3,Free,0
1355,6.33,4,Free,0
1356,8.49,1,Free,0
1357,5.89,0,Free,1
1358,11.61,2,Free,0
1359,3.53,0,Free,1
1360,8.11,1,Free,0
1361,18.92,0,Free,0
1362,10.26,0,Free,0
1363,5.81,0,Free,1
1364,8.24,0,Free,0
1365,27.12,1,Premium,0
1366,15.32,0,Free,1
1367,12.03,1,Free,0
1368,22.59,0,Premium,0
1369,11.2,2,Free,0
1370,16.07,0,Free,1
1371,11.12,1,Free,0
1372,13.16,0,Free,0
1373,12.84,0,Free,1
1374,15.71,0,Free,0
1375,16.16,0,Free,1
1376,11.21,0,Free,1
1377,12.64,0,Free,1
1378,8.32,3,Free,0
1379,4.14,2,Free,1
1380,11.83,0,Free,1
1381,9.32,0,Free,1
1382,24.19,2,Premium,0
1383,30.56,0,Premium,1
1384,24.25,0,Premium,1
1385,7.3,1,Free,0
1386,15.41,0,Free,0
1387,5.21,1,Free,1
1388,4.42,0,Free,1
1389,9.41,2,Free,0
1390,12.01,1,Free,1
1391,20.09,0,Premium,1
1392,10.8,1,Premium,0
1393,8.73,2,Free,0
1394,10.24,1,Free,0
1395,10.78,3,Free,1
1396,9.23,1,Free,0
1397,34.19,2,Premium,0
1398,5.72,0,Free,0
1399,15.82,2,Premium,0
1400,10.04,1,Free,1
1401,13.58,2,Free,0
1402,10.62,0,Free,0
1403,11.43,0,Free,1
1404,25.43,0,Premium,0
1405,5.27,0,Free,0
1406,7.58,1,Free,0
1407,10.09,1,Free,1
1408,29.71,0,Premium,0
1409,8.71,0,Free,1
1410,12.36,0,Free,1
1411,29.38,2,Premium,0
1412,30.38,0,Premium,0
1413,11.14,0,Free,1
1414,9.3,0,Premium,1
1415,10.9,0,Free,0
1416,18.18,0,Free,1
1417,1.53,2,Free,0
1418,13.92,3,Free,0
1419,3.93,0,Free,1
1420,13.97,2,Free,0
1421,36.28,0,Premium,0
1422,11.74,0,Free,0
1423,9.76,1,Free,0
1424,22.34,1,Premium,0
1425,13.62,0,Free,0
1426,8.71,5,Free,0
1427,9.45,2,Free,0
1428,11.18,0,Free,0
1429,7.9,1,Free,0
1430,8.19,1,Free,0
1431,9.34,0,Free,1
1432,17.3,1,Premium,0
1433,13.44,0,Free,1
1434,7.38,0,Free,0
1435,11.39,0,Free,1
1436,11.61,1,Free,0
1437,8.75,1,Free,0
1438,7.85,0,Free,0
1439,1.85,1,Free,1
1440,8.25,0,Free,0
1441,11.44,1,Free,1
1442,8.7,1,Free,1
1443,10.18,1,Free,0
1444,10.19,0,Free,0
1445,22.12,0,Premium,1
1446,24.2,1,Premium,0
1447,12.02,1,Free,0
1448,8.68,0,Free,1
1449,18.61,0,Premium,0
1450,4.69,0,Free,1
1451,9.35,1,Free,0
1452,9.29,2,Free,1
1453,14.63,0,Free,1
1454,11.15,0,Free,0
1455,11.65,0,Free,0
1456,11.31,1,Free,0
1457,7.07,2,Free,1
1458,23.93,1,Premium,0
1459,26.29,0,Premium,0
1460,14.09,0,Free,1
1461,9.14,2,Free,0
1462,6.72,2,Free,0
1463,12.24,0,Free,1
1464,12.1,3,Free,1
1465,10.32,0,Free,1
1466,31.65,4,Premium,0
1467,17.41,0,Free,1
1468,11.4,1,Free,0
1469,14.11,2,Free,0
1470,9.91,0,Free,1
1471,7.46,0,Free,1
1472,12.0,2,Free,0
1473,22.07,2,Premium,0
1474,9.7,0,Free,1
1475,7.72,0,Free,0
1476,9.37,0,Free,1
1477,4.71,1,Free,0
1478,26.05,1,Premium,0
1479,22.76,0,Premium,1
1480,17.63,0,Free,1
1481,10.75,1,Free,1
1482,9.75,1,Free,0
1483,8.34,1,Free,0
1484,12.21,1,Free,1
1485,7.44,0,Free,1
1486,12.24,0,Free,0
1487,31.43,0,Premium,1
1488,31.54,2,Premium,0
1489,9.97,0,Free,1
1490,12.02,0,Free,1
1491,15.59,2,Free,1
1492,31.16,0,Premium,0
1493,12.2,3,Free,1
1494,14.1,1,Free,0
1495,33.26,5,Premium,0
1496,19.5,0,Free,0
1497,13.7,0,Free,1
1498,18.97,2,Premium,0
1499,10.6,1,Free,0
1500,17.94,2,Free,0
1501,14.06,0,Free,1
1502,10.44,2,Free,0
1503,10.12,0,Free,0
1504,15.97,0,Free,0
1505,14.75,0,Premium,0
1506,14.38,0,Free,1
1507,10.75,0,Free,0
1508,9.55,1,Free,0
1509,9.34,0,Free,1
1510,11.56,5,Free,0
1511,5.12,0,Free,1
1512,7.36,1,Free,0
1513,10.88,0,Free,1
1514,15.98,2,Premium,0
1515,10.14,1,Free,0
1516,11.85,0,Premium,0
1517,13.1,1,Free,0
1518,10.47,0,Free,1
1519,15.4,1,Free,0
1520,42.2,0,Premium,1
1521,11.01,4,Free,0
1522,6.69,1,Free,0
1523,2.58,0,Free,1
1524,12.04,1,Free,0
1525,5.52,1,Free,0
1526,14.7,0,Free,1
1527,6.95,1,Free,0
1528,14.27,0,Free,1
1529,11.53,0,Free,1
1530,4.67,0,Free,1
1531,6.14,4,Free,0
1532,7.93,2,Free,1
1533,12.48,1,Free,0
1534,10.08,0,Free,1
1535,9.82,0,Free,1
1536,28.86,3,Premium,0
1537,33.34,1,Premium,0
1538,18.34,0,Free,1
1539,11.98,1,Free,0
1540,16.68,0,Premium,1
1541,9.95,2,Free,0
1542,8.04,0,Free,0
1543,9.02,0,Free,1
1544,31.67,0,Premium,0
1545,13.39,1,Free,0
1546,12.76,0,Free,0
1547,16.02,0,Free,1
1548,21.72,0,Premium,0
1549,8.76,1,Free,0
1550,10.28,0,Premium,0
1551,27.18,3,Premium,0
1552,8.96,0,Free,1
1553,8.61,5,Free,0
1554,23.43,0,Premium,0
1555,10.68,1,Free,1
1556,16.26,1,Premium,0
1557,6.67,0,Free,1
1558,31.81,0,Premium,0
1559,9.36,0,Free,1
1560,25.26,2,Premium,0
1561,13.7,0,Free,1
1562,9.58,4,Free,0
1563,17.02,0,Free,0
1564,6.22,1,Free,0
1565,12.81,3,Free,1
1566,13.23,2,Free,0
1567,11.0,0,Free,1
1568,27.19,0,Premium,1
1569,27.86,1,Premium,0
1570,20.67,0,Premium,0
1571,14.06,0,Free,1
1572,14.3,1,Free,0
1573,8.0,0,Free,1
1574,8.24,0,Free,1
1575,18.95,0,Free,0
1576,27.48,1,Premium,0
1577,35.89,0,Premium,0
1578,9.36,1,Free,0
1579,10.57,0,Free,1
1580,9.74,1,Free,0
1581,23.18,1,Premium,0
1582,11.96,0,Free,0
1583,13.67,1,Free,0
1584,10.07,0,Free,1
1585,11.67,0,Free,0
1586,11.67,3,Free,1
1587,34.8,0,Premium,1
1588,4.4,1,Free,1
1589,26.0,0,Premium,1
1590,10.88,1,Free,0
1591,12.47,1,Free,0
1592,6.71,1,Free,0
1593,11.14,1,Free,0
1594,17.74,0,Free,0
1595,8.3,3,Free,0
1596,28.36,1,Premium,0
1597,12.11,0,Free,0
1598,13.08,1,Free,0
1599,12.12,1,Free,1
1600,10.5,0,Free,1
1601,11.4,1,Free,0
1602,11.74,1,Free,0
1603,14.36,0,Free,1
1604,1.63,1,Free,1
1605,10.52,2,Free,0
1606,7.47,0,Free,1
1607,6.82,1,Free,0
1608,12.96,0,Free,1
1609,9.75,0,Free,0
1610,14.14,2,Free,1
1611,33.87,3,Premium,0
1612,8.7,0,Free,0
1613,14.05,3,Free,0
1614,10.49,0,Free,1
1615,23.82,0,Premium,1
1616,8.57,1,Free,0
1617,13.33,1,Free,0
1618,27.03,0,Premium,0
1619,39.76,0,Premium,1
1620,7.37,1,Free,0
1621,5.59,0,Free,1
1622,12.92,0,Free,1
1623,10.81,0,Free,1
1624,31.38,0,Premium,0
1625,27.88,1,Premium,0
1626,6.32,1,Free,0
1627,43.38,0,Premium,0
1628,14.47,2,Free,1
1629,10.72,0,Free,1
1630,14.97,0,Free,0
1631,1.76,0,Free,1
1632,11.88,0,Free,0
1633,11.82,0,Free,1
1634,14.33,2,Free,0
1635,13.61,0,Free,1
1636,15.54,1,Premium,0
1637,5.8,2,Free,0
1638,31.36,1,Premium,0
1639,27.53,1,Premium,0
1640,10.54,1,Free,1
1641,10.83,4,Free,0
1642,8.63,1,Free,0
1643,12.8,1,Free,0
1644,6.32,1,Free,0
1645,16.18,0,Free,1
1646,7.01,2,Free,1
1647,32.29,3,Premium,0
1648,16.78,0,Free,1
1649,8.82,3,Free,1
1650,15.9,2,Premium,0
1651,7.02,4,Free,1
1652,10.14,0,Free,0
1653,24.61,3,Premium,0
1654,8.78,5,Free,0
1655,7.27,1,Free,1
1656,4.39,0,Free,1
1657,22.53,0,Premium,0
1658,17.76,0,Free,0
1659,15.34,5,Free,1
1660,9.3,1,Free,0
1661,25.27,0,Premium,0
1662,27.2,0,Premium,1
1663,3.55,0,Free,1
1664,9.41,0,Free,1
1665,5.34,0,Free,1
1666,15.76,0,Free,0
1667,10.56,0,Free,1
1668,13.4,0,Free,1
1669,7.92,3,Free,1
1670,7.87,1,Free,0
1671,11.72,1,Free,0
1672,2.94,1,Free,1
1673,12.44,1,Free,0
1674,1.71,1,Free,1
1675,15.22,0,Premium,1
1676,30.74,1,Premium,0
1677,8.18,1,Free,1
1678,33.56,0,Premium,1
1679,10.4,3,Free,0
1680,14.0,2,Free,0
1681,10.92,0,Free,1
1682,12.19,0,Free,1
1683,22.09,0,Premium,1
1684,9.96,2,Free,0
1685,7.53,3,Free,1
1686,10.95,0,Free,1
1687,11.21,0,Free,1
1688,8.84,1,Free,0
1689,12.92,0,Free,1
1690,30.6,1,Premium,0
1691,7.98,0,Free,0
1692,11.39,1,Free,0
1693,26.48,0,Premium,0
1694,16.31,0,Free,0
1695,16.84,2,Free,0
1696,28.46,2,Premium,0
1697,12.95,0,Free,0
1698,9.71,0,Free,1
1699,10.15,0,Free,0
1700,14.65,4,Free,0
1701,5.52,1,Free,1
1702,7.69,2,Free,0
1703,6.3,0,Free,0
1704,19.74,0,Free,1
1705,8.05,0,Free,0
1706,11.17,0,Free,0
1707,11.85,0,Free,1
1708,5.85,2,Free,0
1709,9.87,0,Free,1
1710,9.38,0,Free,1
1711,33.79,1,Premium,0
1712,23.2,5,Premium,0
1713,15.51,0,Free,1
1714,8.44,2,Free,0
1715,12.68,1,Free,1
1716,17.8,0,Free,0
1717,11.07,1,Free,0
1718,7.02,0,Free,0
1719,12.42,0,Free,1
1720,27.23,0,Premium,0
1721,9.79,0,Free,0
1722,11.94,4,Free,0
1723,25.67,0,Premium,0
1724,7.74,0,Free,0
1725,25.89,0,Premium,0
1726,8.36,0,Free,1
1727,36.45,1,Premium,0
1728,12.13,0,Free,1
1729,12.06,2,Free,0
1730,25.42,0,Premium,1
1731,13.4,1,Free,0
1732,33.66,1,Premium,0
1733,21.31,0,Premium,1
1734,6.59,0,Free,0
1735,11.09,0,Free,0
1736,18.13,0,Free,0
1737,11.14,1,Free,1
1738,14.19,0,Free,1
1739,28.58,1,Premium,0
1740,14.0,1,Free,1
1741,9.36,0,Free,1
1742,16.7,4,Free,0
1743,4.21,3,Free,0
1744,26.0,0,Premium,0
1745,24.18,1,Premium,0
1746,13.74,0,Free,0
1747,8.98,0,Free,1
1748,7.07,0,Free,1
1749,30.41,1,Premium,0
1750,15.19,0,Free,0
1751,14.93,0,Free,1
1752,8.69,2,Free,0
1753,6.0,0,Free,1
1754,11.37,3,Free,0
1755,35.13,0,Premium,0
1756,12.37,0,Free,0
1757,9.06,1,Free,0
1758,22.03,0,Premium,0
1759,8.73,0,Free,0
1760,19.05,0,Free,1
1761,5.43,2,Free,0
1762,7.97,1,Free,0
1763,4.87,3,Free,1
1764,40.07,2,Premium,0
1765,6.1,1,Free,0
1766,4.85,1,Free,1
1767,6.22,0,Free,1
1768,8.98,1,Free,0
1769,9.96,1,Free,0
1770,9.35,0,Free,0
1771,29.9,3,Premium,0
1772,13.08,0,Free,1
1773,4.44,1,Free,0
1774,13.39,1,Free,0
1775,19.9,2,Premium,0
1776,14.4,0,Free,0
1777,14.85,3,Free,0
1778,4.31,2,Free,1
1779,8.48,0,Free,0
1780,6.8,3,Free,0
1781,1.94,1,Free,1
1782,24.85,0,Premium,1
1783,9.3,0,Free,0
1784,17.81,1,Free,0
1785,11.66,0,Free,1
1786,37.07,2,Premium,0
1787,8.47,0,Free,1
1788,7.88,0,Free,0
1789,9.81,0,Free,0
1790,37.02,0,Premium,0
1791,2.59,0,Free,1
1792,14.73,1,Free,0
1793,36.97,2,Premium,0
1794,16.48,1,Free,1
1795,16.98,1,Free,1
1796,22.37,2,Premium,0
1797,13.08,0,Free,1
1798,10.37,3,Free,0
1799,10.66,0,Free,0
1800,10.8,3,Free,0
1801,9.88,1,Premium,0
1802,35.32,0,Premium,1
1803,16.02,1,Free,1
1804,11.94,0,Free,0
1805,11.22,0,Free,0
1806,12.89,0,Free,0
1807,1.42,1,Free,0
1808,15.73,0,Free,0
1809,15.57,1,Free,0
1810,10.41,0,Free,1
1811,13.86,0,Free,1
1812,8.47,1,Free,0
1813,14.62,3,Free,1
1814,11.74,0,Free,1
1815,6.61,1,Free,0
1816,19.12,0,Premium,0
1817,42.46,0,Premium,1
1818,9.7,3,Free,1
1819,6.49,0,Free,1
1820,11.56,1,Free,0
1821,11.74,2,Free,0
1822,13.54,0,Free,0
1823,8.92,4,Free,1
1824,10.58,2,Free,0
1825,9.97,0,Free,0
1826,35.78,1,Premium,0
1827,2.1,2,Free,1
1828,16.8,2,Free,0
1829,10.85,1,Free,0
1830,5.79,0,Free,1
1831,8.8,2,Free,0
1832,17.21,1,Premium,0
1833,13.44,0,Free,0
1834,32.99,0,Premium,0
1835,22.2,1,Premium,0
1836,16.71,1,Premium,0
1837,5.69,0,Free,0
1838,11.41,2,Free,0
1839,12.78,1,Free,1
1840,9.52,0,Free,0
1841,7.55,2,Free,0
1842,3.65,0,Free,1
1843,3.84,1,Free,1
1844,9.19,2,Free,0
1845,13.83,0,Free,1
1846,9.17,0,Free,0
1847,10.97,1,Free,0
1848,12.38,0,Free,1
1849,14.49,0,Free,0
1850,26.34,0,Premium,1
1851,8.3,1,Free,0
1852,14.83,1,Free,0
1853,3.41,0,Free,1
1854,2.33,1,Free,0
1855,9.88,2,Free,0
1856,7.6,0,Free,1
1857,9.73,0,Free,1
1858,8.14,1,Free,0
1859,14.04,0,Free,1
1860,29.69,1,Premium,0
1861,12.96,2,Free,0
1862,42.08,0,Premium,1
1863,9.61,0,Free,1
1864,11.53,0,Free,1
1865,10.19,0,Free,0
1866,9.94,2,Free,0
1867,8.52,1,Free,1
1868,9.31,0,Free,0
1869,11.26,0,Free,1
1870,6.48,3,Free,0
1871,4.6,0,Free,1
1872,9.6,2,Free,0
1873,27.19,0,Premium,0
1874,17.39,0,Free,1
1875,9.76,0,Free,0
1876,18.34,0,Premium,1
1877,15.7,0,Free,1
1878,11.93,1,Free,0
1879,16.71,1,Free,1
1880,9.12,1,Free,1
1881,28.5,0,Premium,0
1882,9.76,0,Free,0
1883,4.61,0,Free,1
1884,9.98,0,Free,1
1885,12.3,4,Free,0
1886,29.62,0,Premium,1
1887,7.66,1,Free,0
1888,30.21,2,Premium,0
1889,8.68,1,Free,0
1890,11.5,1,Free,0
1891,8.55,1,Free,0
1892,7.33,1,Free,0
1893,20.49,1,Premium,0
1894,11.02,1,Free,0
1895,24.04,2,Premium,0
1896,15.89,0,Premium,1
1897,11.05,0,Free,0
1898,11.74,6,Free,0
1899,41.32,0,Premium,0
1900,14.53,1,Free,0
1901,7.28,4,Free,0
1902,12.84,2,Free,1
1903,18.06,1,Premium,0
1904,2.65,1,Free,1
1905,6.29,0,Free,1
1906,1.44,0,Free,1
1907,8.73,8,Free,0
1908,12.39,0,Free,1
1909,37.79,0,Premium,0
1910,13.0,1,Free,1
1911,10.49,2,Free,0
1912,15.33,0,Premium,0
1913,4.52,0,Free,1
1914,11.7,2,Free,0
1915,8.58,0,Free,1
1916,4.75,1,Free,1
1917,10.91,3,Free,0
1918,6.64,0,Free,1
1919,11.55,1,Free,0
1920,27.14,1,Premium,0
1921,7.73,0,Free,0
1922,11.36,0,Free,0
1923,12.53,0,Free,1
1924,11.1,0,Free,0
1925,26.03,0,Premium,0
1926,12.49,0,Free,1
1927,6.59,6,Free,0
1928,8.6,1,Free,0
1929,10.22,1,Free,0
1930,9.13,1,Free,1
1931,30.98,3,Premium,0
1932,10.15,0,Free,0
1933,19.34,0,Free,0
1934,12.46,1,Free,0
1935,31.09,0,Premium,0
1936,6.42,0,Free,1
1937,5.53,0,Free,0
1938,20.98,0,Premium,0
1939,9.06,1,Free,0
1940,8.66,0,Free,0
1941,6.98,3,Free,1
1942,13.68,0,Free,1
1943,1.45,0,Free,1
1944,13.04,1,Free,0
1945,8.72,0,Free,0
1946,9.24,0,Free,1
1947,13.81,2,Free,0
1948,6.32,0,Free,1
1949,7.4,1,Free,0
1950,9.34,0,Free,1
1951,11.23,1,Free,0
1952,12.48,2,Free,0
1953,2.98,0,Free,1
1954,13.47,4,Free,1
1955,12.68,1,Free,0
1956,9.64,1,Free,0
1957,10.11,1,Free,1
1958,21.78,0,Premium,0
1959,7.81,0,Free,1
1960,3.85,0,Free,1
1961,7.24,2,Free,0
1962,4.5,1,Free,1
1963,13.28,2,Free,1
1964,4.49,1,Free,1
1965,9.08,2,Free,1
1966,7.56,1,Free,0
1967,12.95,1,Free,0
1968,8.31,1,Free,0
1969,7.45,2,Free,0
1970,8.53,0,Free,1
1971,14.05,4,Free,0
1972,11.2,0,Free,1
1973,10.81,0,Free,1
1974,10.94,4,Free,0
1975,16.7,3,Premium,0
1976,4.73,0,Free,1
1977,6.82,0,Free,0
1978,15.07,0,Free,1
1979,10.9,1,Free,0
1980,15.56,1,Free,1
1981,44.95,2,Premium,0
1982,12.87,0,Free,1
1983,7.8,0,Free,1
1984,6.93,0,Free,1
1985,8.72,0,Free,1
1986,15.24,0,Free,0
1987,10.27,1,Free,0
1988,31.89,2,Premium,0
1989,5.7,1,Free,0
1990,5.67,0,Free,0
1991,8.97,0,Premium,0
1992,4.14,0,Free,1
1993,14.54,1,Free,1
1994,12.23,1,Free,1
1995,15.81,0,Free,0
1996,3.64,0,Free,1
1997,10.0,1,Free,0
1998,27.23,0,Premium,1
1999,38.56,0,Premium,0
2000,24.18,2,Premium,0
