user_id,signup_date,acquisition_channel,device_type,country,age_group,subscription_type
1,2024-11-28,Referral,Web,Canada,45+,Free
2,2025-03-31,Google Ads,Android,UK,25-34,Premium
3,2024-07-11,Referral,iOS,USA,18-24,Free
4,2024-09-05,Referral,Android,UK,45+,Free
5,2024-01-11,Google Ads,iOS,UK,18-24,Free
6,2025-02-01,Instagram,Android,UK,18-24,Free
7,2025-04-13,Instagram,Android,India,35-44,Free
8,2025-05-15,Instagram,Android,UK,25-34,Free
9,2024-06-24,Organic,Android,India,45+,Free
10,2024-10-02,YouTube,Android,USA,45+,Free
11,2025-02-26,Referral,iOS,Canada,18-24,Free
12,2024-02-02,YouTube,Android,India,25-34,Free
13,2024-12-22,Google Ads,Android,Canada,25-34,Free
14,2024-04-23,Google Ads,iOS,UK,18-24,Free
15,2025-03-18,Referral,Android,Canada,18-24,Free
16,2024-08-21,Organic,Web,USA,25-34,Free
17,2024-04-25,Google Ads,iOS,Canada,18-24,Free
18,2024-12-28,YouTube,Android,UK,35-44,Free
19,2024-03-10,Google Ads,Android,India,45+,Free
20,2025-08-31,Google Ads,Android,USA,25-34,Free
21,2025-10-30,YouTube,Android,India,25-34,Free
22,2024-07-12,YouTube,iOS,USA,25-34,Premium
23,2024-03-15,Organic,Web,UK,18-24,Free
24,2025-06-18,Instagram,Android,India,18-24,Premium
25,2024-10-01,Organic,Android,Canada,25-34,Premium
26,2024-10-18,YouTube,Web,Canada,45+,Premium
27,2025-10-10,Referral,iOS,India,25-34,Premium
28,2025-07-13,YouTube,Android,UK,35-44,Free
29,2025-10-02,Referral,Web,India,18-24,Premium
30,2025-01-30,Instagram,Android,Canada,18-24,Free
31,2025-01-08,YouTube,Android,UK,25-34,Free
32,2025-11-12,Instagram,Android,USA,18-24,Free
33,2025-07-07,Google Ads,Android,USA,45+,Free
34,2025-05-22,Instagram,Web,UK,35-44,Free
35,2024-11-22,YouTube,iOS,India,45+,Free
36,2024-07-01,Organic,iOS,Canada,25-34,Free
37,2025-02-03,YouTube,iOS,UK,25-34,Premium
38,2025-04-14,Google Ads,Web,India,18-24,Premium
39,2024-04-23,Referral,Android,UK,35-44,Premium
40,2025-09-16,Organic,Android,UK,18-24,Free
41,2024-08-27,Google Ads,Android,USA,18-24,Premium
42,2024-11-01,Instagram,iOS,USA,45+,Free
43,2025-01-14,Referral,Android,Canada,18-24,Premium
44,2024-05-25,Instagram,Android,UK,35-44,Free
45,2025-11-07,YouTube,Web,UK,45+,Free
46,2024-07-01,Organic,iOS,India,25-34,Free
47,2024-04-29,Organic,iOS,Canada,18-24,Premium
48,2024-01-09,YouTube,Android,USA,25-34,Premium
49,2024-01-15,Instagram,Web,India,25-34,Free
50,2024-04-28,YouTube,Android,USA,45+,Free
51,2025-05-24,YouTube,iOS,India,45+,Free
52,2024-05-17,Google Ads,iOS,UK,35-44,Free
53,2024-08-09,Google Ads,iOS,Canada,45+,Free
54,2025-09-27,Organic,Web,India,35-44,Free
55,2025-04-17,Google Ads,Android,Canada,25-34,Free
56,2024-10-30,YouTube,Android,Canada,25-34,Free
57,2024-10-06,Google Ads,Web,UK,18-24,Premium
58,2024-10-07,Instagram,Android,USA,18-24,Premium
59,2025-06-24,YouTube,iOS,UK,18-24,Free
60,2025-08-28,Organic,Web,India,25-34,Free
61,2025-10-24,YouTube,Android,USA,18-24,Premium
62,2024-11-15,Referral,Android,USA,18-24,Free
63,2024-11-18,Organic,iOS,India,45+,Free
64,2025-08-19,YouTube,iOS,USA,45+,Free
65,2025-04-19,Referral,Web,USA,35-44,Free
66,2025-11-05,YouTube,iOS,India,25-34,Free
67,2025-12-12,YouTube,Web,USA,45+,Free
68,2025-03-16,Instagram,Android,UK,45+,Premium
69,2025-01-19,Google Ads,Android,Canada,45+,Free
70,2025-01-06,Organic,Android,USA,25-34,Free
71,2024-04-27,YouTube,Android,USA,35-44,Free
72,2024-07-17,Instagram,iOS,USA,45+,Premium
73,2025-09-09,Instagram,Android,India,45+,Free
74,2024-05-31,YouTube,Android,USA,18-24,Premium
75,2025-05-30,Instagram,Android,India,18-24,Free
76,2025-02-11,Organic,Android,UK,35-44,Free
77,2025-06-01,YouTube,iOS,USA,45+,Premium
78,2024-11-06,Referral,Web,UK,45+,Free
79,2025-04-17,Google Ads,Android,India,18-24,Free
80,2024-07-16,Referral,Web,Canada,25-34,Free
81,2025-01-14,Organic,Android,UK,18-24,Free
82,2025-05-05,Organic,Android,India,35-44,Free
83,2024-06-18,Organic,iOS,USA,18-24,Free
84,2024-11-29,Referral,Android,UK,45+,Free
85,2024-07-11,Referral,Android,India,25-34,Free
86,2025-08-21,Instagram,Android,UK,25-34,Premium
87,2025-03-25,Organic,iOS,USA,25-34,Free
88,2025-09-26,Referral,Web,India,45+,Free
89,2024-05-25,Organic,Android,India,25-34,Free
90,2024-06-18,Instagram,Android,UK,35-44,Free
91,2025-06-10,YouTube,Android,USA,45+,Free
92,2025-12-01,Instagram,Android,Canada,25-34,Free
93,2025-12-08,Google Ads,Android,India,18-24,Free
94,2024-09-03,Google Ads,iOS,USA,35-44,Free
95,2024-07-22,Instagram,Android,Canada,18-24,Free
96,2025-04-16,Organic,Web,USA,45+,Free
97,2024-12-19,YouTube,Android,India,35-44,Premium
98,2025-01-03,Referral,Web,USA,35-44,Free
99,2025-03-12,YouTube,Web,UK,25-34,Premium
100,2025-03-18,YouTube,Android,Canada,18-24,Premium
101,2025-08-31,YouTube,Android,USA,45+,Free
102,2024-09-20,YouTube,Android,USA,45+,Free
103,2024-08-13,Organic,Android,UK,35-44,Free
104,2024-01-03,Instagram,Android,UK,35-44,Free
105,2024-09-02,Instagram,iOS,Canada,45+,Premium
106,2024-01-12,Google Ads,Android,USA,18-24,Free
107,2024-08-08,Referral,iOS,India,35-44,Free
108,2025-01-05,YouTube,iOS,UK,25-34,Free
109,2025-09-20,Organic,Android,USA,25-34,Free
110,2024-11-28,Referral,Android,USA,35-44,Premium
111,2025-08-22,Referral,Android,India,35-44,Free
112,2024-07-03,Instagram,Android,Canada,25-34,Free
113,2025-02-12,Google Ads,iOS,USA,35-44,Premium
114,2024-08-06,Google Ads,Web,USA,18-24,Free
115,2025-05-27,Referral,iOS,Canada,45+,Premium
116,2025-08-23,Referral,Android,Canada,25-34,Free
117,2024-02-11,YouTube,iOS,Canada,45+,Free
118,2025-03-22,Referral,Android,India,25-34,Premium
119,2024-10-04,Google Ads,Web,USA,45+,Free
120,2025-03-09,Instagram,Android,India,25-34,Free
121,2025-04-14,Instagram,Android,UK,18-24,Free
122,2024-08-24,Organic,Android,UK,25-34,Free
123,2024-01-10,YouTube,Web,USA,45+,Free
124,2025-05-21,Instagram,Web,USA,18-24,Free
125,2024-10-15,Google Ads,Android,Canada,35-44,Free
126,2024-09-08,Organic,Android,UK,35-44,Free
127,2025-10-06,Organic,iOS,UK,35-44,Premium
128,2024-07-29,Google Ads,Android,UK,25-34,Free
129,2025-11-11,Referral,Android,UK,25-34,Free
130,2025-10-30,YouTube,iOS,UK,25-34,Premium
131,2024-12-05,YouTube,Android,India,18-24,Free
132,2024-01-05,Organic,iOS,Canada,35-44,Free
133,2025-02-20,Organic,Android,UK,35-44,Free
134,2025-05-13,YouTube,Android,Canada,25-34,Premium
135,2024-12-24,YouTube,iOS,UK,25-34,Free
136,2024-12-12,Google Ads,Web,India,25-34,Premium
137,2025-08-22,Referral,Android,Canada,25-34,Free
138,2025-08-07,Google Ads,iOS,UK,25-34,Free
139,2024-01-10,Organic,Android,India,45+,Free
140,2025-07-14,Instagram,iOS,USA,45+,Free
141,2025-03-31,Google Ads,Android,UK,18-24,Free
142,2024-11-09,YouTube,iOS,India,35-44,Free
143,2024-06-02,Organic,Android,USA,35-44,Free
144,2025-06-18,Referral,Web,USA,35-44,Free
145,2024-05-29,Google Ads,Android,Canada,25-34,Free
146,2025-03-21,Instagram,iOS,India,18-24,Premium
147,2024-05-07,Google Ads,iOS,USA,18-24,Free
148,2025-11-06,YouTube,Android,USA,25-34,Free
149,2025-04-24,Google Ads,Android,Canada,25-34,Free
150,2025-02-06,Instagram,iOS,USA,45+,Free
151,2025-03-09,Organic,Android,India,18-24,Free
152,2024-11-19,YouTube,Android,UK,35-44,Free
153,2024-05-22,YouTube,iOS,USA,35-44,Free
154,2025-10-29,Google Ads,Android,UK,18-24,Free
155,2024-07-27,Referral,iOS,UK,25-34,Free
156,2025-12-10,Organic,iOS,USA,35-44,Free
157,2024-05-28,Google Ads,Android,UK,35-44,Free
158,2024-10-09,Organic,Android,Canada,45+,Free
159,2025-04-07,Instagram,Android,Canada,18-24,Free
160,2025-05-26,YouTube,iOS,USA,25-34,Free
161,2024-04-18,YouTube,Android,India,35-44,Premium
162,2025-10-24,Instagram,Android,India,18-24,Free
163,2025-08-04,Organic,Android,India,25-34,Free
164,2025-12-18,Referral,Android,USA,35-44,Free
165,2024-09-10,YouTube,Web,Canada,25-34,Premium
166,2024-12-11,YouTube,Android,Canada,45+,Free
167,2025-01-26,Google Ads,Web,Canada,45+,Free
168,2025-02-09,Organic,Web,India,18-24,Free
169,2025-04-06,Organic,Android,Canada,18-24,Free
170,2025-11-07,Instagram,iOS,UK,45+,Free
171,2025-05-26,Google Ads,Android,Canada,35-44,Free
172,2024-10-30,YouTube,iOS,USA,35-44,Free
173,2025-11-28,Google Ads,Android,UK,35-44,Free
174,2025-11-22,YouTube,Android,Canada,18-24,Free
175,2024-08-05,YouTube,Android,USA,18-24,Free
176,2025-12-09,Google Ads,Android,India,45+,Free
177,2024-11-01,Organic,Android,UK,25-34,Premium
178,2025-11-04,Google Ads,Android,Canada,45+,Free
179,2024-09-30,YouTube,Android,USA,45+,Free
180,2025-01-14,Instagram,Android,USA,35-44,Free
181,2025-04-04,Instagram,Android,India,35-44,Free
182,2024-02-03,Google Ads,Web,Canada,45+,Premium
183,2025-02-04,YouTube,iOS,Canada,35-44,Premium
184,2024-09-01,Google Ads,iOS,Canada,45+,Free
185,2025-11-12,YouTube,iOS,USA,18-24,Free
186,2024-05-01,Organic,iOS,UK,18-24,Free
187,2024-10-09,Google Ads,iOS,India,35-44,Free
188,2024-08-20,YouTube,Web,Canada,45+,Free
189,2024-02-25,Organic,iOS,Canada,35-44,Premium
190,2025-06-11,Google Ads,Android,UK,25-34,Premium
191,2024-12-27,Referral,Web,India,45+,Free
192,2025-11-17,Instagram,Android,USA,25-34,Free
193,2024-05-27,Referral,Android,USA,35-44,Free
194,2025-05-20,Referral,iOS,UK,25-34,Free
195,2025-09-04,Instagram,iOS,India,18-24,Free
196,2025-06-21,Instagram,Android,India,25-34,Premium
197,2024-01-26,Google Ads,Android,USA,18-24,Free
198,2024-08-11,Instagram,Android,UK,45+,Free
199,2025-02-25,Instagram,iOS,India,45+,Free
200,2025-11-24,YouTube,Android,USA,35-44,Premium
201,2024-11-16,YouTube,Android,Canada,25-34,Free
202,2025-05-27,Instagram,Android,USA,18-24,Free
203,2024-09-05,Referral,iOS,USA,18-24,Free
204,2024-09-09,Instagram,Web,USA,18-24,Free
205,2024-01-08,Organic,Android,India,35-44,Free
206,2025-03-15,Referral,Web,UK,25-34,Free
207,2025-10-06,Instagram,Android,Canada,35-44,Premium
208,2025-12-24,Referral,Android,India,35-44,Free
209,2025-12-07,Google Ads,Android,USA,18-24,Premium
210,2025-07-09,Instagram,iOS,Canada,18-24,Free
211,2024-07-25,Organic,iOS,India,45+,Free
212,2025-09-09,Organic,Web,India,25-34,Free
213,2025-02-20,Referral,iOS,Canada,25-34,Free
214,2024-10-29,Referral,Android,UK,35-44,Free
215,2025-07-23,Instagram,iOS,Canada,35-44,Free
216,2025-05-26,YouTube,Android,USA,45+,Premium
217,2025-04-02,Referral,Android,India,18-24,Free
218,2025-11-04,YouTube,Android,Canada,35-44,Premium
219,2024-06-01,Google Ads,Android,USA,25-34,Free
220,2024-10-29,Organic,iOS,USA,18-24,Free
221,2024-08-03,Google Ads,Android,UK,25-34,Free
222,2024-07-01,Organic,Android,USA,18-24,Free
223,2025-10-14,Google Ads,iOS,Canada,45+,Free
224,2024-07-25,Referral,iOS,USA,25-34,Free
225,2024-12-17,YouTube,iOS,UK,25-34,Premium
226,2025-10-20,YouTube,Android,Canada,45+,Free
227,2025-05-09,YouTube,iOS,Canada,18-24,Free
228,2025-08-19,Referral,Android,India,45+,Free
229,2025-12-10,YouTube,Android,India,45+,Free
230,2025-10-05,Referral,Android,UK,18-24,Free
231,2025-03-04,YouTube,iOS,UK,45+,Premium
232,2024-04-06,Organic,Web,UK,35-44,Free
233,2024-06-28,Organic,Web,UK,35-44,Premium
234,2025-07-15,Google Ads,iOS,Canada,25-34,Premium
235,2025-07-01,Google Ads,Android,UK,18-24,Free
236,2024-09-26,YouTube,Android,UK,25-34,Premium
237,2025-12-20,Organic,Android,Canada,25-34,Premium
238,2025-03-08,Google Ads,Android,UK,35-44,Free
239,2024-08-15,Instagram,iOS,Canada,25-34,Free
240,2025-03-15,Organic,Android,India,45+,Free
241,2025-10-20,Google Ads,Android,USA,45+,Free
242,2025-02-01,YouTube,Android,India,45+,Free
243,2025-05-08,Organic,Web,USA,35-44,Free
244,2024-06-10,YouTube,Android,UK,18-24,Free
245,2024-03-18,Google Ads,iOS,India,45+,Free
246,2024-11-15,Instagram,Web,Canada,18-24,Premium
247,2025-02-19,Organic,Android,Canada,45+,Free
248,2024-07-10,Instagram,iOS,USA,25-34,Free
249,2024-10-23,Instagram,Android,India,45+,Free
250,2025-11-26,Google Ads,Android,India,35-44,Free
251,2024-07-02,YouTube,Android,USA,18-24,Free
252,2024-05-12,YouTube,Android,USA,35-44,Free
253,2025-08-09,YouTube,iOS,USA,25-34,Free
254,2024-12-12,Google Ads,Web,UK,25-34,Free
255,2024-10-08,Organic,iOS,USA,45+,Free
256,2024-06-07,Organic,Web,India,25-34,Free
257,2024-04-20,Referral,iOS,UK,35-44,Free
258,2024-01-23,Instagram,Android,India,18-24,Premium
259,2025-04-18,Referral,Web,UK,35-44,Free
260,2025-12-08,YouTube,Android,India,35-44,Free
261,2025-10-22,Google Ads,iOS,UK,45+,Free
262,2024-06-09,Organic,Android,UK,25-34,Free
263,2024-09-06,Referral,Android,UK,45+,Free
264,2025-10-03,Organic,iOS,Canada,18-24,Free
265,2025-09-17,Instagram,Android,UK,18-24,Free
266,2025-08-04,YouTube,Android,Canada,35-44,Premium
267,2024-11-03,Instagram,Android,USA,25-34,Free
268,2024-03-04,Organic,Android,USA,18-24,Free
269,2025-06-17,YouTube,Android,India,35-44,Free
270,2024-11-11,Referral,iOS,Canada,45+,Free
271,2024-03-04,Referral,Android,UK,18-24,Free
272,2024-04-12,Instagram,iOS,UK,35-44,Premium
273,2025-04-10,Organic,Web,India,25-34,Free
274,2024-08-12,Instagram,Android,USA,35-44,Free
275,2025-07-17,Referral,iOS,UK,25-34,Free
276,2025-05-19,YouTube,iOS,India,25-34,Premium
277,2024-02-09,YouTube,Android,USA,25-34,Premium
278,2025-06-05,Referral,iOS,UK,18-24,Free
279,2025-04-04,YouTube,Android,Canada,35-44,Free
280,2025-04-02,Instagram,Web,UK,25-34,Free
281,2025-11-01,Referral,iOS,Canada,45+,Free
282,2025-01-02,Organic,Android,UK,25-34,Free
283,2025-09-11,Instagram,Android,Canada,35-44,Free
284,2024-10-19,Instagram,Web,USA,18-24,Free
285,2025-06-18,YouTube,Web,India,25-34,Free
286,2025-11-13,Instagram,iOS,India,25-34,Premium
287,2025-08-28,YouTube,Android,Canada,45+,Free
288,2025-05-04,Google Ads,Android,UK,18-24,Free
289,2025-09-19,Organic,Android,USA,25-34,Free
290,2024-07-15,YouTube,Android,UK,18-24,Free
291,2024-06-09,Referral,Web,UK,18-24,Free
292,2024-12-12,Referral,Web,Canada,45+,Free
293,2024-03-09,YouTube,iOS,India,18-24,Premium
294,2025-07-24,Instagram,Android,UK,18-24,Free
295,2025-12-22,YouTube,iOS,Canada,45+,Free
296,2024-05-16,Organic,Web,UK,35-44,Free
297,2024-10-05,Organic,Android,UK,18-24,Free
298,2025-07-14,Instagram,Android,India,35-44,Free
299,2024-07-23,Referral,Android,Canada,45+,Free
300,2025-06-01,Referral,iOS,UK,18-24,Free
301,2024-01-16,Referral,Android,India,25-34,Free
302,2025-12-27,Google Ads,Android,UK,35-44,Free
303,2025-03-25,Referral,iOS,Canada,45+,Free
304,2025-12-19,Organic,Android,UK,45+,Free
305,2025-09-05,Instagram,Android,India,45+,Free
306,2025-02-21,YouTube,Android,India,25-34,Free
307,2024-11-24,Organic,Android,Canada,25-34,Free
308,2025-01-22,Google Ads,iOS,USA,25-34,Free
309,2025-05-25,YouTube,Android,Canada,18-24,Free
310,2025-11-20,Google Ads,Android,UK,25-34,Free
311,2024-07-20,Instagram,iOS,UK,35-44,Free
312,2025-08-24,YouTube,iOS,USA,35-44,Free
313,2025-07-29,Instagram,Android,Canada,18-24,Premium
314,2025-06-19,Referral,Android,USA,25-34,Free
315,2024-03-22,Referral,Android,UK,18-24,Premium
316,2025-09-30,Instagram,iOS,UK,35-44,Free
317,2024-05-27,Instagram,Android,USA,25-34,Free
318,2025-05-14,YouTube,iOS,Canada,45+,Free
319,2024-07-09,Instagram,iOS,UK,35-44,Free
320,2024-06-19,Referral,iOS,Canada,35-44,Premium
321,2024-10-31,Instagram,Android,UK,25-34,Free
322,2024-12-13,Google Ads,Android,USA,25-34,Premium
323,2024-05-29,Organic,Android,India,18-24,Free
324,2024-04-22,Organic,Android,UK,35-44,Free
325,2025-01-26,YouTube,iOS,USA,45+,Premium
326,2025-06-12,Referral,iOS,UK,35-44,Free
327,2025-05-16,Google Ads,iOS,UK,35-44,Free
328,2025-07-03,Referral,Android,Canada,25-34,Free
329,2025-07-18,Instagram,Android,Canada,45+,Free
330,2024-07-25,Google Ads,iOS,India,45+,Free
331,2024-11-10,Referral,iOS,USA,45+,Premium
332,2025-12-22,Referral,iOS,UK,25-34,Free
333,2024-08-25,Organic,iOS,Canada,25-34,Free
334,2025-12-23,Instagram,Android,UK,45+,Free
335,2025-06-15,YouTube,Android,USA,25-34,Free
336,2024-09-02,YouTube,Android,USA,25-34,Free
337,2024-02-21,Organic,Android,UK,45+,Free
338,2024-06-19,Google Ads,iOS,UK,35-44,Free
339,2025-06-18,YouTube,iOS,Canada,18-24,Premium
340,2025-07-05,YouTube,Web,Canada,45+,Free
341,2024-02-01,Referral,iOS,Canada,45+,Free
342,2024-11-15,Instagram,Android,USA,18-24,Free
343,2025-08-13,YouTube,Web,USA,25-34,Free
344,2024-01-05,YouTube,Android,UK,35-44,Premium
345,2025-03-27,Google Ads,Web,Canada,45+,Free
346,2024-10-24,Google Ads,Web,Canada,45+,Free
347,2024-05-09,Google Ads,Web,India,45+,Premium
348,2025-02-16,Instagram,iOS,UK,35-44,Free
349,2024-06-04,YouTube,iOS,USA,25-34,Free
350,2024-09-08,Referral,iOS,Canada,35-44,Free
351,2025-01-12,Organic,iOS,Canada,25-34,Premium
352,2025-06-16,Instagram,Android,Canada,45+,Free
353,2025-05-29,Referral,Web,USA,45+,Free
354,2025-04-04,YouTube,Android,USA,45+,Free
355,2025-10-12,Instagram,Android,India,45+,Premium
356,2025-12-02,Referral,Android,India,18-24,Free
357,2025-04-24,Referral,iOS,Canada,45+,Free
358,2025-07-10,Instagram,Web,USA,25-34,Free
359,2025-10-15,Organic,iOS,USA,35-44,Premium
360,2025-02-24,Google Ads,Android,UK,35-44,Premium
361,2024-05-21,Google Ads,iOS,India,45+,Free
362,2024-03-21,YouTube,iOS,India,35-44,Premium
363,2024-06-24,Instagram,Android,Canada,18-24,Premium
364,2024-12-15,Google Ads,Android,Canada,18-24,Free
365,2024-11-06,YouTube,iOS,India,35-44,Free
366,2024-01-23,Organic,Android,India,45+,Free
367,2024-06-07,Instagram,Android,UK,18-24,Premium
368,2024-09-02,Google Ads,Android,India,35-44,Premium
369,2024-03-30,Instagram,Web,Canada,35-44,Free
370,2025-02-17,Instagram,Web,UK,25-34,Free
371,2024-01-26,Referral,iOS,Canada,35-44,Free
372,2024-07-23,Organic,Android,USA,25-34,Free
373,2024-10-07,Referral,iOS,USA,45+,Free
374,2025-05-27,Instagram,Android,India,45+,Free
375,2025-06-21,YouTube,Android,Canada,45+,Free
376,2024-08-17,YouTube,Android,UK,25-34,Free
377,2025-12-16,Instagram,Android,USA,25-34,Premium
378,2024-08-24,Instagram,Web,India,18-24,Free
379,2024-09-17,YouTube,iOS,Canada,35-44,Free
380,2025-03-16,Instagram,Android,India,35-44,Free
381,2025-04-30,Instagram,iOS,Canada,25-34,Free
382,2024-06-05,Google Ads,Android,Canada,18-24,Premium
383,2025-12-17,Google Ads,Android,Canada,35-44,Free
384,2024-11-12,Organic,Android,India,45+,Free
385,2025-10-04,Google Ads,Web,UK,45+,Premium
386,2024-12-19,Instagram,iOS,USA,25-34,Free
387,2025-11-04,YouTube,iOS,USA,45+,Free
388,2024-05-22,Google Ads,Android,USA,35-44,Free
389,2025-03-06,Referral,Android,USA,25-34,Premium
390,2025-09-04,Instagram,Web,India,35-44,Free
391,2024-04-21,YouTube,Android,India,18-24,Free
392,2025-01-13,Google Ads,Web,India,18-24,Free
393,2025-04-21,YouTube,Android,USA,18-24,Free
394,2024-04-07,YouTube,iOS,UK,45+,Free
395,2025-07-29,Organic,Web,UK,25-34,Free
396,2025-08-01,Instagram,Web,USA,18-24,Free
397,2025-06-08,Referral,iOS,India,35-44,Free
398,2024-06-24,Instagram,iOS,USA,25-34,Free
399,2024-07-29,Organic,iOS,India,18-24,Free
400,2025-05-31,Organic,iOS,India,45+,Premium
401,2025-11-06,YouTube,Web,UK,45+,Free
402,2025-10-15,Referral,Android,UK,35-44,Free
403,2024-05-13,Organic,Android,India,35-44,Free
404,2024-04-25,YouTube,Web,UK,18-24,Free
405,2025-10-30,Organic,iOS,Canada,25-34,Premium
406,2025-12-30,Referral,Android,Canada,35-44,Free
407,2025-02-28,Referral,Android,USA,35-44,Premium
408,2025-12-02,Google Ads,Android,USA,45+,Premium
409,2025-01-28,Referral,Android,India,25-34,Free
410,2024-01-24,Organic,Web,India,18-24,Premium
411,2024-07-11,Instagram,Android,UK,25-34,Free
412,2025-04-29,Organic,iOS,India,45+,Premium
413,2024-03-09,Instagram,Android,India,25-34,Free
414,2025-09-19,Organic,Android,UK,35-44,Free
415,2024-08-03,Organic,Web,UK,35-44,Free
416,2025-01-17,Instagram,Android,India,45+,Free
417,2025-03-07,YouTube,Android,Canada,18-24,Free
418,2025-02-15,Referral,Web,USA,35-44,Premium
419,2025-10-30,Organic,Android,UK,35-44,Premium
420,2024-06-14,Instagram,Android,UK,35-44,Free
421,2024-05-29,Google Ads,Android,USA,25-34,Free
422,2024-12-27,YouTube,Android,India,35-44,Free
423,2024-04-29,Instagram,Android,India,18-24,Free
424,2024-06-20,YouTube,Android,Canada,35-44,Free
425,2024-02-22,Referral,iOS,Canada,25-34,Free
426,2024-10-09,YouTube,Android,Canada,45+,Free
427,2025-01-24,YouTube,Android,USA,25-34,Free
428,2025-02-06,Google Ads,Web,USA,45+,Premium
429,2024-04-03,YouTube,Android,India,35-44,Free
430,2024-12-25,Organic,Web,Canada,35-44,Free
431,2025-03-29,Google Ads,Web,Canada,25-34,Free
432,2024-05-26,Instagram,iOS,USA,25-34,Free
433,2025-12-08,Instagram,Android,UK,18-24,Free
434,2025-03-26,YouTube,Web,USA,25-34,Free
435,2025-06-09,Google Ads,Android,UK,25-34,Free
436,2024-09-07,Google Ads,iOS,USA,35-44,Free
437,2024-09-30,Organic,iOS,UK,35-44,Free
438,2024-06-24,Google Ads,Android,India,35-44,Free
439,2024-09-28,Instagram,Android,India,18-24,Premium
440,2025-02-25,Instagram,Web,USA,45+,Free
441,2024-01-28,Organic,Android,USA,45+,Free
442,2024-04-05,Organic,Web,India,18-24,Free
443,2024-11-17,Referral,Android,UK,35-44,Premium
444,2025-12-30,Referral,Web,UK,25-34,Free
445,2024-01-04,Google Ads,iOS,UK,25-34,Free
446,2024-07-12,YouTube,Web,USA,45+,Free
447,2024-06-25,Referral,iOS,UK,45+,Free
448,2024-09-22,YouTube,Android,India,25-34,Premium
449,2024-03-24,Google Ads,Android,Canada,45+,Free
450,2024-11-09,Referral,Android,India,35-44,Free
451,2025-07-17,Instagram,iOS,India,45+,Free
452,2024-11-19,Referral,iOS,India,18-24,Free
453,2024-11-15,Organic,iOS,Canada,45+,Free
454,2025-09-04,Google Ads,iOS,UK,18-24,Premium
455,2024-04-29,Referral,Web,India,45+,Premium
456,2025-10-07,Referral,Web,Canada,18-24,Free
457,2024-04-12,Google Ads,iOS,UK,35-44,Free
458,2024-09-07,YouTube,Web,USA,18-24,Free
459,2024-12-11,Instagram,Android,Canada,45+,Premium
460,2025-06-17,YouTube,iOS,India,25-34,Free
461,2025-03-27,Instagram,Android,USA,18-24,Free
462,2024-06-12,YouTube,Android,UK,25-34,Free
463,2024-11-13,Instagram,Android,UK,45+,Free
464,2024-11-25,Organic,Android,Canada,45+,Free
465,2025-10-04,Google Ads,Android,USA,25-34,Premium
466,2025-08-09,Organic,iOS,UK,45+,Premium
467,2025-10-18,Organic,Android,UK,18-24,Premium
468,2025-06-25,Instagram,Android,USA,35-44,Premium
469,2025-12-18,Referral,iOS,UK,35-44,Free
470,2024-02-25,YouTube,Android,UK,18-24,Free
471,2025-12-11,Google Ads,Android,USA,45+,Free
472,2024-11-18,Referral,Android,India,18-24,Free
473,2025-06-25,Google Ads,Android,UK,45+,Free
474,2024-06-28,Instagram,Android,UK,35-44,Premium
475,2025-06-07,Referral,iOS,USA,35-44,Free
476,2025-01-10,Instagram,Android,UK,25-34,Free
477,2025-12-05,Organic,iOS,Canada,25-34,Free
478,2024-12-01,Instagram,iOS,Canada,18-24,Free
479,2025-09-06,YouTube,iOS,USA,35-44,Free
480,2024-12-16,Referral,Android,USA,45+,Free
481,2024-04-12,YouTube,Android,UK,45+,Premium
482,2025-05-05,Referral,iOS,Canada,18-24,Free
483,2025-08-14,YouTube,iOS,India,18-24,Free
484,2025-08-28,Instagram,iOS,USA,35-44,Free
485,2025-05-03,Instagram,Web,Canada,35-44,Free
486,2025-03-09,Google Ads,Android,USA,18-24,Free
487,2024-06-15,Referral,iOS,USA,45+,Free
488,2024-11-27,Referral,Android,UK,18-24,Premium
489,2024-03-12,YouTube,Web,Canada,25-34,Free
490,2025-02-18,Organic,iOS,USA,35-44,Free
491,2025-07-11,Google Ads,iOS,Canada,35-44,Free
492,2025-02-27,Instagram,Web,Canada,25-34,Free
493,2025-01-30,Organic,Android,UK,45+,Free
494,2025-06-19,Organic,iOS,USA,45+,Free
495,2025-09-25,Organic,Android,Canada,45+,Free
496,2024-02-21,Google Ads,Android,Canada,18-24,Free
497,2025-06-25,YouTube,Web,UK,45+,Free
498,2025-03-26,Google Ads,Android,USA,18-24,Free
499,2025-09-10,Google Ads,iOS,Canada,18-24,Free
500,2024-09-05,Referral,iOS,USA,25-34,Premium
501,2025-08-23,Organic,iOS,Canada,18-24,Free
502,2025-04-18,Organic,Android,Canada,35-44,Free
503,2024-03-22,Instagram,Android,UK,18-24,Premium
504,2025-12-06,Instagram,iOS,UK,25-34,Free
505,2024-12-06,YouTube,Android,USA,25-34,Free
506,2025-01-23,Organic,iOS,USA,18-24,Free
507,2024-02-12,YouTube,Android,India,18-24,Premium
508,2025-07-21,YouTube,Android,USA,18-24,Free
509,2025-04-27,Instagram,iOS,India,18-24,Free
510,2024-02-09,Google Ads,Android,UK,25-34,Free
511,2024-02-23,Referral,Web,USA,35-44,Free
512,2025-05-31,Organic,iOS,Canada,35-44,Free
513,2025-12-23,Google Ads,Web,Canada,35-44,Free
514,2024-07-13,Referral,iOS,Canada,35-44,Free
515,2025-07-31,YouTube,iOS,UK,25-34,Free
516,2024-11-04,Google Ads,iOS,UK,35-44,Free
517,2024-04-06,Google Ads,iOS,Canada,25-34,Free
518,2025-02-09,Organic,Android,India,45+,Free
519,2024-01-10,Organic,Web,UK,18-24,Free
520,2025-08-09,Instagram,Android,India,35-44,Free
521,2024-06-05,Google Ads,Android,USA,45+,Premium
522,2025-02-20,Organic,Android,USA,35-44,Premium
523,2024-07-01,Google Ads,Web,UK,18-24,Free
524,2025-04-17,Organic,Android,India,45+,Free
525,2025-01-07,Organic,Android,India,35-44,Free
526,2025-03-03,Instagram,iOS,USA,45+,Free
527,2025-12-27,Instagram,Android,UK,45+,Free
528,2024-07-18,Organic,Android,USA,45+,Free
529,2025-07-09,Google Ads,Android,Canada,45+,Free
530,2025-08-02,Google Ads,Web,USA,45+,Free
531,2025-04-25,YouTube,iOS,UK,18-24,Premium
532,2025-04-09,YouTube,Android,USA,45+,Free
533,2025-08-07,Instagram,Android,UK,25-34,Premium
534,2025-02-05,Referral,Android,UK,35-44,Free
535,2025-06-21,Organic,iOS,Canada,45+,Free
536,2024-08-10,YouTube,Web,USA,18-24,Free
537,2024-10-16,Instagram,Android,USA,18-24,Free
538,2025-08-05,Google Ads,Android,USA,45+,Free
539,2025-09-07,Organic,Android,Canada,18-24,Free
540,2025-04-24,Organic,iOS,USA,45+,Free
541,2024-03-12,YouTube,iOS,UK,18-24,Free
542,2025-01-31,Instagram,Android,USA,45+,Premium
543,2025-04-16,Organic,Android,India,35-44,Premium
544,2025-12-28,Google Ads,iOS,UK,45+,Free
545,2024-03-03,YouTube,Web,UK,45+,Free
546,2025-02-10,Instagram,Android,UK,35-44,Free
547,2024-06-19,Instagram,iOS,Canada,35-44,Free
548,2025-12-25,Google Ads,iOS,USA,35-44,Premium
549,2025-07-22,Referral,Android,India,45+,Free
550,2025-04-11,Referral,Web,USA,45+,Free
551,2024-03-31,YouTube,Web,Canada,25-34,Free
552,2025-08-26,YouTube,Android,USA,45+,Free
553,2025-01-20,Instagram,iOS,UK,45+,Free
554,2025-04-04,Google Ads,Web,Canada,18-24,Free
555,2024-07-07,YouTube,iOS,UK,25-34,Free
556,2025-11-09,Referral,Web,Canada,25-34,Free
557,2025-10-10,Organic,Android,India,35-44,Free
558,2024-11-10,Organic,Android,USA,35-44,Free
559,2025-11-06,Instagram,iOS,India,25-34,Free
560,2025-03-18,YouTube,Android,Canada,25-34,Free
561,2025-06-02,Instagram,iOS,UK,25-34,Free
562,2025-02-23,Referral,Android,India,35-44,Free
563,2025-01-19,YouTube,Android,Canada,35-44,Premium
564,2024-09-14,Organic,iOS,Canada,18-24,Free
565,2025-11-08,Referral,Web,Canada,45+,Free
566,2025-02-23,Organic,Web,India,18-24,Free
567,2024-05-03,YouTube,Android,India,35-44,Free
568,2025-03-17,Google Ads,Android,USA,45+,Free
569,2024-02-10,Instagram,Android,Canada,25-34,Free
570,2025-03-31,Referral,iOS,UK,18-24,Free
571,2024-02-15,Organic,Android,India,25-34,Free
572,2025-11-21,Google Ads,iOS,India,35-44,Free
573,2025-11-01,Instagram,Android,UK,18-24,Free
574,2024-08-05,Instagram,Web,India,45+,Free
575,2024-11-23,YouTube,Web,UK,25-34,Free
576,2025-04-17,Organic,Android,Canada,18-24,Free
577,2024-06-04,YouTube,Android,India,18-24,Free
578,2025-08-24,Organic,Web,India,25-34,Free
579,2025-03-11,Referral,iOS,UK,25-34,Free
580,2025-01-10,Organic,Android,India,35-44,Free
581,2024-09-09,Google Ads,iOS,USA,18-24,Premium
582,2025-11-09,Google Ads,iOS,UK,35-44,Free
583,2024-05-15,Referral,Android,UK,45+,Free
584,2025-10-08,Google Ads,Android,UK,18-24,Free
585,2024-06-21,Referral,Web,UK,45+,Free
586,2025-09-21,Instagram,iOS,India,35-44,Free
587,2024-01-15,Organic,Web,India,18-24,Free
588,2024-02-14,Google Ads,Android,UK,45+,Free
589,2024-03-27,Instagram,Android,USA,35-44,Free
590,2024-08-25,Organic,Android,Canada,18-24,Premium
591,2024-01-29,YouTube,iOS,UK,35-44,Premium
592,2025-06-09,Instagram,Android,India,35-44,Premium
593,2024-02-21,Google Ads,iOS,India,25-34,Free
594,2024-05-27,YouTube,iOS,USA,18-24,Free
595,2024-05-18,Instagram,Android,India,18-24,Free
596,2024-12-27,Organic,Android,Canada,18-24,Free
597,2025-04-12,Organic,Android,Canada,35-44,Premium
598,2025-05-01,Google Ads,Android,India,18-24,Free
599,2025-03-10,YouTube,Android,Canada,25-34,Premium
600,2024-04-19,Referral,Web,India,25-34,Free
601,2025-03-23,Referral,iOS,USA,18-24,Free
602,2025-03-17,Google Ads,Android,Canada,18-24,Free
603,2024-09-26,Instagram,Web,Canada,45+,Free
604,2024-01-27,Instagram,Android,Canada,35-44,Premium
605,2025-05-08,Organic,iOS,USA,18-24,Free
606,2024-03-31,YouTube,Web,Canada,18-24,Free
607,2025-12-13,Google Ads,Android,India,25-34,Free
608,2025-04-02,Google Ads,iOS,India,18-24,Free
609,2025-10-12,Instagram,Android,UK,18-24,Premium
610,2024-08-11,Google Ads,iOS,UK,35-44,Free
611,2024-06-24,YouTube,iOS,UK,35-44,Premium
612,2024-02-17,YouTube,iOS,Canada,45+,Free
613,2024-12-01,Organic,Android,Canada,45+,Premium
614,2024-12-23,Organic,Android,USA,25-34,Premium
615,2025-07-25,Referral,Android,USA,25-34,Free
616,2024-07-05,Organic,Android,UK,35-44,Free
617,2025-03-03,Google Ads,Android,Canada,25-34,Free
618,2024-05-10,Google Ads,Android,UK,45+,Free
619,2025-05-16,Organic,Android,India,18-24,Premium
620,2025-08-19,Instagram,iOS,USA,18-24,Free
621,2025-06-14,Organic,Android,Canada,45+,Free
622,2025-11-21,Instagram,Web,UK,18-24,Free
623,2024-04-02,YouTube,Android,India,45+,Free
624,2025-11-23,Instagram,Web,UK,25-34,Free
625,2025-04-28,Referral,iOS,Canada,18-24,Free
626,2025-01-08,YouTube,iOS,India,45+,Free
627,2025-10-30,YouTube,Android,USA,25-34,Free
628,2025-06-24,Google Ads,Android,India,35-44,Premium
629,2024-02-17,Instagram,Android,India,18-24,Free
630,2024-10-18,Referral,Android,USA,18-24,Free
631,2024-10-21,YouTube,Android,India,45+,Free
632,2025-06-25,YouTube,Android,USA,35-44,Free
633,2025-09-03,Google Ads,Web,UK,18-24,Free
634,2024-03-06,Google Ads,iOS,Canada,45+,Free
635,2025-11-07,Organic,Web,USA,18-24,Premium
636,2024-06-01,Google Ads,Android,USA,25-34,Premium
637,2024-05-17,Referral,Android,USA,18-24,Free
638,2025-10-15,YouTube,iOS,UK,25-34,Free
639,2025-06-11,YouTube,Android,USA,35-44,Free
640,2025-01-30,Referral,Web,USA,45+,Free
641,2024-10-24,Referral,iOS,India,25-34,Free
642,2024-11-14,Google Ads,Web,India,18-24,Free
643,2025-05-12,Instagram,Android,Canada,35-44,Premium
644,2024-01-16,YouTube,Android,USA,35-44,Free
645,2025-02-19,YouTube,Android,India,35-44,Free
646,2024-10-24,Referral,Android,USA,35-44,Free
647,2024-12-25,Organic,iOS,India,18-24,Free
648,2024-07-06,YouTube,Android,USA,25-34,Free
649,2025-02-12,Instagram,Web,UK,35-44,Premium
650,2024-09-17,Google Ads,iOS,USA,25-34,Free
651,2025-06-16,Organic,Android,Canada,35-44,Free
652,2025-09-02,Referral,Android,Canada,25-34,Free
653,2024-03-19,Referral,Android,UK,45+,Free
654,2025-05-25,Referral,Android,UK,18-24,Free
655,2025-11-20,YouTube,iOS,India,35-44,Free
656,2024-12-06,Google Ads,Web,India,25-34,Premium
657,2025-06-20,Google Ads,iOS,USA,25-34,Free
658,2025-06-14,YouTube,Android,India,18-24,Free
659,2025-06-22,Google Ads,Android,USA,45+,Free
660,2024-08-25,Referral,Android,Canada,35-44,Free
661,2025-03-03,Organic,Web,Canada,18-24,Free
662,2025-10-29,Referral,iOS,UK,35-44,Free
663,2024-05-09,Instagram,iOS,Canada,45+,Free
664,2024-08-27,YouTube,iOS,Canada,45+,Premium
665,2024-04-14,Organic,Web,USA,35-44,Free
666,2024-09-21,YouTube,iOS,UK,45+,Free
667,2024-12-08,Referral,iOS,India,45+,Free
668,2024-10-26,Instagram,Web,Canada,45+,Free
669,2025-04-29,Google Ads,Web,India,35-44,Premium
670,2024-07-17,Instagram,Android,USA,18-24,Free
671,2025-07-22,YouTube,Android,India,25-34,Free
672,2024-07-05,Google Ads,Web,Canada,45+,Free
673,2025-01-23,YouTube,Android,USA,18-24,Free
674,2025-01-26,Organic,Android,India,35-44,Free
675,2024-07-10,YouTube,Android,USA,25-34,Free
676,2025-11-05,YouTube,iOS,UK,35-44,Free
677,2024-07-04,Google Ads,Android,Canada,18-24,Free
678,2025-10-20,Organic,Android,India,35-44,Free
679,2025-12-15,Referral,Android,India,25-34,Free
680,2025-05-19,Google Ads,Web,Canada,45+,Premium
681,2024-12-30,Instagram,Android,USA,35-44,Premium
682,2024-01-08,Organic,Android,Canada,35-44,Free
683,2024-02-29,YouTube,Web,India,25-34,Premium
684,2024-07-01,YouTube,Web,UK,45+,Free
685,2025-03-31,YouTube,Android,USA,25-34,Free
686,2024-07-21,Instagram,Android,India,45+,Free
687,2025-11-08,Instagram,iOS,USA,45+,Free
688,2024-05-02,YouTube,Android,Canada,45+,Free
689,2024-11-03,Organic,iOS,UK,18-24,Free
690,2024-06-16,Instagram,iOS,Canada,18-24,Free
691,2024-04-08,YouTube,iOS,India,35-44,Free
692,2024-02-22,Organic,Android,Canada,25-34,Free
693,2025-02-08,Referral,iOS,India,45+,Free
694,2024-05-26,Google Ads,Android,UK,18-24,Free
695,2025-04-29,YouTube,Android,India,25-34,Free
696,2024-09-19,Referral,Web,USA,35-44,Free
697,2025-03-04,Referral,iOS,Canada,18-24,Free
698,2024-03-04,Google Ads,iOS,UK,25-34,Free
699,2024-04-13,Google Ads,iOS,India,45+,Free
700,2025-04-25,Instagram,iOS,India,45+,Free
701,2024-01-29,Instagram,iOS,UK,18-24,Premium
702,2024-08-15,Google Ads,iOS,USA,18-24,Free
703,2025-11-06,Instagram,Android,USA,45+,Free
704,2024-11-06,Organic,Android,India,35-44,Free
705,2024-08-31,YouTube,Android,Canada,35-44,Free
706,2024-02-05,Organic,Android,USA,45+,Free
707,2024-07-14,Referral,Android,USA,35-44,Free
708,2025-12-13,Google Ads,Android,UK,35-44,Premium
709,2024-02-04,Referral,Android,UK,25-34,Free
710,2025-04-01,Referral,iOS,Canada,25-34,Free
711,2024-11-03,Organic,Android,UK,25-34,Free
712,2024-03-16,Google Ads,iOS,Canada,45+,Free
713,2025-11-05,Referral,Android,India,35-44,Free
714,2025-09-28,Referral,Web,USA,45+,Free
715,2024-05-20,Organic,Web,UK,18-24,Premium
716,2025-10-20,Google Ads,Android,India,35-44,Free
717,2025-08-15,Referral,iOS,Canada,25-34,Free
718,2024-07-17,YouTube,Android,UK,35-44,Free
719,2025-07-30,Instagram,Android,Canada,45+,Premium
720,2024-08-25,Instagram,Android,UK,45+,Free
721,2024-03-02,YouTube,Web,Canada,25-34,Premium
722,2024-12-18,Referral,iOS,UK,18-24,Free
723,2024-03-12,Google Ads,Android,Canada,18-24,Free
724,2025-06-05,Organic,Web,Canada,18-24,Free
725,2025-10-16,Referral,Android,India,45+,Free
726,2024-06-18,YouTube,Android,India,45+,Premium
727,2025-02-19,Referral,Android,UK,18-24,Free
728,2024-05-12,Google Ads,Android,USA,18-24,Free
729,2024-09-03,Organic,Android,Canada,45+,Free
730,2025-04-21,YouTube,iOS,Canada,18-24,Free
731,2024-07-18,Referral,Android,India,18-24,Premium
732,2024-02-29,YouTube,Android,Canada,35-44,Premium
733,2025-12-29,Instagram,iOS,USA,25-34,Free
734,2024-10-21,YouTube,Android,USA,45+,Free
735,2025-09-03,Organic,Android,Canada,18-24,Free
736,2024-07-23,Referral,Android,USA,45+,Free
737,2025-06-09,YouTube,Android,UK,18-24,Free
738,2024-08-06,Instagram,iOS,UK,35-44,Free
739,2025-12-04,Google Ads,iOS,Canada,25-34,Free
740,2025-09-04,YouTube,Android,India,25-34,Free
741,2025-04-20,Google Ads,Web,USA,35-44,Premium
742,2024-03-02,Organic,Android,India,45+,Free
743,2024-06-22,YouTube,iOS,USA,35-44,Free
744,2024-04-24,YouTube,Android,UK,45+,Premium
745,2025-11-21,YouTube,Android,UK,18-24,Free
746,2025-11-05,Referral,Android,USA,35-44,Free
747,2025-09-06,YouTube,Android,Canada,45+,Free
748,2025-08-13,Instagram,Android,Canada,35-44,Free
749,2025-07-30,Google Ads,Android,UK,35-44,Premium
750,2024-12-31,Instagram,Web,Canada,18-24,Free
751,2025-09-26,Google Ads,Web,UK,25-34,Premium
752,2025-07-01,Referral,iOS,India,25-34,Premium
753,2024-01-12,Google Ads,Android,Canada,45+,Free
754,2025-03-06,Google Ads,Android,USA,18-24,Free
755,2025-05-02,Instagram,Android,India,18-24,Free
756,2025-04-28,Referral,Android,India,45+,Free
757,2024-08-16,Referral,Android,USA,45+,Free
758,2025-03-20,Organic,Android,USA,35-44,Free
759,2024-01-05,Google Ads,Web,USA,45+,Free
760,2024-09-04,Organic,Android,USA,18-24,Premium
761,2024-09-24,Referral,iOS,Canada,45+,Premium
762,2024-01-17,Google Ads,Android,Canada,35-44,Premium
763,2025-07-24,Google Ads,iOS,India,25-34,Free
764,2025-09-25,YouTube,Android,Canada,45+,Free
765,2025-10-23,Google Ads,iOS,UK,45+,Free
766,2024-11-15,Referral,Android,India,18-24,Free
767,2024-01-29,YouTube,Android,Canada,45+,Free
768,2024-05-22,Instagram,Android,USA,45+,Premium
769,2024-09-04,Instagram,iOS,UK,25-34,Free
770,2025-01-15,Referral,Android,UK,45+,Free
771,2024-03-19,Referral,Android,USA,18-24,Free
772,2024-03-02,Google Ads,Android,UK,35-44,Premium
773,2024-04-11,Organic,iOS,India,18-24,Free
774,2025-11-02,Instagram,iOS,Canada,35-44,Free
775,2024-04-04,Referral,Web,Canada,45+,Premium
776,2025-10-09,YouTube,Android,India,18-24,Free
777,2024-11-06,Organic,Android,Canada,25-34,Free
778,2025-03-06,Referral,Android,UK,45+,Premium
779,2025-06-24,Referral,Android,UK,35-44,Free
780,2025-06-06,Organic,iOS,Canada,45+,Premium
781,2025-08-21,YouTube,Android,UK,45+,Free
782,2024-09-08,YouTube,iOS,USA,18-24,Premium
783,2024-03-16,Organic,iOS,USA,45+,Free
784,2024-08-16,YouTube,Android,UK,25-34,Free
785,2024-06-09,YouTube,Android,Canada,25-34,Free
786,2024-01-09,Instagram,Android,Canada,35-44,Free
787,2025-03-18,Google Ads,Android,USA,25-34,Free
788,2024-08-01,Google Ads,Android,India,45+,Premium
789,2025-03-06,Organic,iOS,Canada,25-34,Premium
790,2025-06-07,Instagram,Android,Canada,18-24,Free
791,2024-04-22,Organic,Web,UK,18-24,Free
792,2025-04-17,Referral,iOS,India,18-24,Premium
793,2025-05-03,Google Ads,Android,India,18-24,Free
794,2025-04-24,Organic,Android,India,25-34,Free
795,2024-11-16,YouTube,Web,Canada,25-34,Free
796,2025-10-04,Organic,Android,Canada,18-24,Free
797,2025-01-09,Referral,iOS,UK,35-44,Free
798,2025-08-18,Organic,iOS,India,25-34,Free
799,2024-05-09,YouTube,Android,UK,25-34,Free
800,2024-11-06,Google Ads,Android,India,45+,Premium
801,2024-06-06,Referral,Android,UK,25-34,Free
802,2025-06-22,Organic,Android,Canada,35-44,Free
803,2025-08-28,Organic,Web,India,45+,Premium
804,2025-10-30,YouTube,iOS,India,45+,Free
805,2025-03-29,Organic,Android,USA,18-24,Free
806,2024-05-01,YouTube,Android,Canada,45+,Free
807,2025-01-25,Instagram,Android,USA,45+,Free
808,2024-10-05,Instagram,Android,USA,35-44,Premium
809,2025-11-07,Google Ads,Android,India,18-24,Free
810,2024-09-14,Referral,iOS,Canada,25-34,Free
811,2024-08-15,Referral,Web,UK,25-34,Premium
812,2025-06-12,Organic,iOS,UK,35-44,Free
813,2025-07-04,Organic,Android,India,45+,Free
814,2025-12-06,Referral,Android,UK,45+,Free
815,2024-11-17,Google Ads,Android,USA,25-34,Free
816,2025-07-10,Referral,Web,Canada,25-34,Free
817,2025-08-04,Google Ads,Android,UK,35-44,Free
818,2025-06-21,Referral,Web,UK,18-24,Free
819,2025-06-25,Instagram,Android,USA,25-34,Free
820,2024-12-28,Organic,iOS,Canada,35-44,Free
821,2025-12-28,YouTube,Android,UK,45+,Free
822,2024-02-24,Organic,Android,UK,35-44,Free
823,2025-05-28,YouTube,iOS,Canada,25-34,Free
824,2025-07-28,YouTube,Android,Canada,35-44,Free
825,2024-03-03,Google Ads,Android,India,35-44,Free
826,2024-06-15,Organic,Android,UK,18-24,Free
827,2024-05-07,YouTube,iOS,India,45+,Free
828,2024-03-09,Google Ads,Android,Canada,25-34,Free
829,2025-08-17,Referral,Android,USA,35-44,Premium
830,2025-03-07,Referral,Android,India,45+,Premium
831,2025-05-19,Organic,Android,Canada,35-44,Free
832,2024-04-27,Instagram,Android,USA,45+,Free
833,2025-03-04,Instagram,iOS,UK,25-34,Premium
834,2025-11-25,Organic,Android,India,45+,Premium
835,2024-08-20,YouTube,iOS,UK,35-44,Free
836,2024-03-28,Google Ads,iOS,UK,35-44,Free
837,2025-06-13,Referral,iOS,India,35-44,Free
838,2025-06-09,Google Ads,iOS,Canada,25-34,Premium
839,2024-07-09,YouTube,Android,USA,18-24,Free
840,2025-07-31,Referral,Android,India,35-44,Free
841,2024-12-31,Google Ads,iOS,UK,18-24,Free
842,2024-08-08,Google Ads,iOS,USA,25-34,Free
843,2024-08-15,Organic,iOS,USA,45+,Free
844,2024-12-29,Referral,Android,Canada,45+,Premium
845,2025-03-23,Instagram,iOS,USA,35-44,Free
846,2024-12-21,Referral,Web,India,25-34,Free
847,2025-05-30,YouTube,Android,Canada,25-34,Free
848,2024-01-14,Instagram,iOS,Canada,25-34,Premium
849,2025-05-16,Instagram,iOS,India,25-34,Free
850,2024-01-10,Organic,Web,UK,35-44,Free
851,2025-06-22,Google Ads,iOS,Canada,45+,Premium
852,2024-02-01,Google Ads,iOS,Canada,45+,Free
853,2025-02-25,Referral,Android,USA,18-24,Free
854,2025-02-01,Google Ads,Android,India,45+,Premium
855,2025-02-12,Organic,Web,Canada,35-44,Free
856,2024-02-10,Referral,Android,Canada,25-34,Free
857,2025-07-27,Referral,Web,USA,25-34,Free
858,2025-01-05,Instagram,iOS,USA,45+,Free
859,2025-04-02,Referral,Android,India,35-44,Free
860,2024-09-12,Instagram,iOS,India,35-44,Free
861,2024-06-28,Referral,Android,USA,25-34,Free
862,2024-02-18,Organic,iOS,USA,25-34,Free
863,2024-01-16,Google Ads,iOS,Canada,45+,Free
864,2024-02-20,Google Ads,Android,India,25-34,Free
865,2025-05-28,Organic,Web,USA,18-24,Free
866,2025-11-21,Organic,Android,USA,35-44,Free
867,2024-12-27,Organic,Android,USA,18-24,Free
868,2024-04-23,Google Ads,Web,UK,25-34,Free
869,2024-09-22,Instagram,iOS,UK,45+,Free
870,2024-01-07,Referral,Android,Canada,18-24,Free
871,2024-12-04,Instagram,Web,India,35-44,Premium
872,2024-05-10,Google Ads,Android,India,25-34,Premium
873,2024-05-04,YouTube,Android,USA,45+,Free
874,2024-01-02,YouTube,Android,India,45+,Premium
875,2024-11-07,Google Ads,iOS,USA,25-34,Free
876,2025-05-18,Referral,Android,Canada,35-44,Premium
877,2024-07-26,YouTube,Android,USA,45+,Free
878,2024-01-26,YouTube,Android,UK,18-24,Free
879,2025-11-30,Google Ads,Android,India,18-24,Free
880,2024-02-26,Google Ads,iOS,India,25-34,Free
881,2024-06-06,Instagram,Web,USA,45+,Free
882,2024-07-17,Referral,iOS,Canada,25-34,Free
883,2025-09-28,Referral,Android,India,35-44,Free
884,2024-12-20,YouTube,Web,UK,18-24,Free
885,2024-02-27,Instagram,iOS,USA,35-44,Free
886,2024-05-08,YouTube,Android,India,25-34,Free
887,2025-05-13,YouTube,Android,USA,25-34,Free
888,2025-02-15,Organic,iOS,UK,25-34,Free
889,2025-01-16,Instagram,Android,UK,45+,Premium
890,2024-10-08,Organic,iOS,UK,45+,Premium
891,2025-10-25,YouTube,iOS,UK,45+,Free
892,2024-03-10,YouTube,Web,Canada,45+,Premium
893,2024-06-21,Referral,Web,USA,35-44,Free
894,2025-03-11,Organic,Web,USA,45+,Free
895,2025-08-22,Google Ads,iOS,UK,45+,Premium
896,2025-01-09,Organic,Web,USA,45+,Free
897,2024-11-06,Google Ads,iOS,USA,25-34,Free
898,2024-11-29,YouTube,iOS,USA,45+,Free
899,2025-07-12,YouTube,iOS,UK,18-24,Free
900,2025-03-28,Referral,Android,India,45+,Free
901,2025-03-09,YouTube,iOS,UK,25-34,Premium
902,2025-10-14,Referral,Android,India,35-44,Free
903,2025-09-11,Organic,Android,USA,18-24,Free
904,2025-06-14,YouTube,Android,USA,35-44,Free
905,2024-01-14,Google Ads,Android,India,35-44,Free
906,2024-09-19,Referral,Android,India,25-34,Free
907,2024-04-30,YouTube,iOS,USA,18-24,Free
908,2024-01-26,Instagram,Android,India,25-34,Free
909,2024-04-10,Google Ads,Android,Canada,45+,Free
910,2024-08-01,Google Ads,Android,Canada,25-34,Free
911,2024-07-03,YouTube,iOS,India,18-24,Free
912,2024-06-27,Referral,Android,USA,35-44,Free
913,2025-08-15,YouTube,Android,UK,25-34,Free
914,2024-05-20,Instagram,Android,USA,25-34,Free
915,2024-05-21,Referral,Android,Canada,25-34,Free
916,2024-01-18,Instagram,Web,USA,35-44,Free
917,2025-08-14,Referral,Android,UK,35-44,Premium
918,2024-10-31,Google Ads,Android,UK,45+,Free
919,2025-01-21,Referral,Web,Canada,25-34,Free
920,2024-01-25,Instagram,iOS,Canada,45+,Free
921,2024-01-05,Instagram,Web,Canada,18-24,Premium
922,2024-06-28,Instagram,Android,UK,18-24,Free
923,2025-08-10,Referral,Android,Canada,45+,Premium
924,2025-06-04,Referral,Android,India,35-44,Premium
925,2024-08-03,Google Ads,Android,Canada,18-24,Free
926,2024-03-13,Organic,Android,India,35-44,Free
927,2025-01-08,Instagram,iOS,USA,35-44,Free
928,2025-01-21,YouTube,Android,UK,18-24,Free
929,2025-03-01,YouTube,iOS,Canada,25-34,Free
930,2025-04-12,Organic,iOS,USA,25-34,Free
931,2025-03-09,Referral,iOS,UK,25-34,Premium
932,2025-11-03,Instagram,Android,UK,18-24,Premium
933,2025-06-10,Organic,Web,UK,45+,Free
934,2025-06-29,YouTube,Android,USA,35-44,Free
935,2025-03-21,Organic,Android,Canada,35-44,Free
936,2024-10-13,Instagram,Android,India,18-24,Premium
937,2025-10-10,YouTube,Web,UK,45+,Free
938,2025-05-13,Referral,iOS,Canada,25-34,Free
939,2024-09-21,Referral,Android,India,35-44,Free
940,2025-12-24,Referral,Android,UK,35-44,Premium
941,2025-04-13,Referral,Android,USA,18-24,Free
942,2024-05-07,Organic,iOS,Canada,45+,Free
943,2024-11-12,YouTube,Android,UK,18-24,Free
944,2024-08-26,YouTube,Android,USA,35-44,Free
945,2024-04-17,Instagram,iOS,India,18-24,Free
946,2025-02-27,YouTube,Android,USA,18-24,Premium
947,2025-01-20,Organic,Android,Canada,45+,Free
948,2024-12-20,YouTube,Android,USA,45+,Free
949,2024-07-17,Instagram,Android,Canada,18-24,Free
950,2024-05-14,Instagram,Android,USA,45+,Free
951,2025-02-28,Referral,Android,Canada,25-34,Premium
952,2024-02-26,YouTube,Android,UK,18-24,Free
953,2024-10-22,Google Ads,Android,USA,45+,Premium
954,2024-07-23,Referral,Android,UK,45+,Free
955,2025-07-29,Instagram,iOS,Canada,18-24,Premium
956,2025-09-06,Referral,iOS,UK,45+,Free
957,2024-10-15,Referral,iOS,India,35-44,Premium
958,2025-04-20,Organic,Android,India,35-44,Free
959,2024-09-12,Instagram,iOS,Canada,25-34,Free
960,2025-03-20,Organic,Android,India,25-34,Free
961,2024-04-02,YouTube,Android,USA,45+,Free
962,2024-04-07,Instagram,Android,USA,25-34,Free
963,2024-08-31,Organic,Android,USA,35-44,Free
964,2025-04-01,Instagram,iOS,Canada,45+,Free
965,2025-12-07,Instagram,Android,USA,35-44,Free
966,2024-11-06,Google Ads,Android,India,25-34,Free
967,2024-06-07,YouTube,iOS,India,45+,Free
968,2024-09-12,Instagram,Android,India,25-34,Free
969,2024-10-02,YouTube,Android,Canada,18-24,Free
970,2025-06-28,Referral,Android,USA,45+,Free
971,2025-04-29,Instagram,iOS,UK,45+,Free
972,2024-08-07,YouTube,iOS,USA,45+,Free
973,2024-12-26,Instagram,Android,Canada,18-24,Free
974,2025-09-17,YouTube,Web,USA,25-34,Premium
975,2025-06-05,YouTube,Android,USA,18-24,Premium
976,2025-09-06,YouTube,Web,Canada,18-24,Premium
977,2025-06-08,Instagram,Web,Canada,35-44,Free
978,2024-05-10,Instagram,iOS,USA,25-34,Free
979,2025-09-30,YouTube,iOS,India,35-44,Free
980,2025-12-19,Google Ads,Web,USA,35-44,Free
981,2024-06-24,Google Ads,Android,India,18-24,Premium
982,2025-08-14,Google Ads,iOS,India,45+,Premium
983,2025-08-09,Google Ads,iOS,India,25-34,Free
984,2024-08-31,Google Ads,Android,USA,18-24,Free
985,2024-11-22,Google Ads,Web,USA,18-24,Free
986,2025-05-15,Google Ads,Android,USA,35-44,Premium
987,2024-05-18,YouTube,iOS,Canada,45+,Free
988,2024-04-08,Referral,Android,Canada,45+,Free
989,2025-01-22,Organic,iOS,Canada,35-44,Free
990,2024-08-13,Organic,Android,India,35-44,Free
991,2025-08-15,Referral,iOS,Canada,35-44,Free
992,2025-09-15,Organic,Android,UK,18-24,Free
993,2025-05-23,YouTube,iOS,India,18-24,Premium
994,2025-03-09,Instagram,iOS,USA,25-34,Free
995,2024-06-26,Organic,Android,Canada,18-24,Premium
996,2024-05-06,YouTube,Android,UK,18-24,Free
997,2025-10-14,Google Ads,Android,India,45+,Premium
998,2024-04-02,Organic,Android,Canada,45+,Premium
999,2025-06-03,Google Ads,Android,Canada,45+,Premium
1000,2025-01-18,Organic,Android,India,18-24,Free
1001,2025-06-14,Instagram,iOS,USA,35-44,Free
1002,2024-03-25,Google Ads,Android,UK,18-24,Free
1003,2024-03-20,Google Ads,Android,Canada,18-24,Free
1004,2024-01-09,YouTube,iOS,India,18-24,Free
1005,2025-04-07,Organic,Web,India,18-24,Free
1006,2025-12-04,Referral,Android,USA,45+,Premium
1007,2024-02-15,Organic,Web,India,35-44,Free
1008,2025-02-28,YouTube,Android,Canada,18-24,Free
1009,2024-02-18,YouTube,Android,India,18-24,Premium
1010,2025-05-20,Google Ads,Android,USA,35-44,Premium
1011,2025-07-28,Organic,Web,UK,25-34,Free
1012,2024-07-05,Organic,Android,India,18-24,Free
1013,2025-10-31,Instagram,iOS,USA,35-44,Free
1014,2025-07-12,Organic,Android,USA,45+,Free
1015,2024-05-14,Organic,iOS,UK,35-44,Free
1016,2025-02-23,Google Ads,Android,USA,45+,Free
1017,2024-04-03,Google Ads,Android,USA,45+,Free
1018,2024-04-01,Google Ads,Android,UK,35-44,Free
1019,2025-12-28,YouTube,iOS,UK,45+,Free
1020,2024-03-02,Google Ads,Android,India,35-44,Premium
1021,2025-04-09,Organic,iOS,India,45+,Premium
1022,2025-04-26,YouTube,Web,India,45+,Free
1023,2025-06-28,Organic,Web,UK,35-44,Premium
1024,2024-02-07,Instagram,Android,India,25-34,Free
1025,2024-10-16,Instagram,Android,India,18-24,Free
1026,2025-05-23,Organic,Web,Canada,35-44,Free
1027,2025-06-19,Organic,Android,Canada,18-24,Free
1028,2025-03-23,YouTube,Android,UK,25-34,Free
1029,2025-04-26,Referral,iOS,USA,18-24,Free
1030,2025-09-03,Organic,Android,UK,35-44,Premium
1031,2025-07-05,YouTube,Android,India,35-44,Premium
1032,2024-04-05,Instagram,Android,UK,35-44,Premium
1033,2025-03-16,Instagram,Web,USA,35-44,Free
1034,2025-04-18,Instagram,Android,UK,25-34,Free
1035,2024-01-08,YouTube,iOS,UK,45+,Premium
1036,2025-02-21,YouTube,iOS,USA,18-24,Free
1037,2024-07-27,Organic,Android,Canada,35-44,Free
1038,2025-02-11,Google Ads,Android,Canada,18-24,Premium
1039,2024-04-14,YouTube,Android,Canada,25-34,Free
1040,2024-02-09,Referral,Android,UK,18-24,Free
1041,2024-02-28,YouTube,iOS,UK,18-24,Free
1042,2025-07-27,YouTube,iOS,USA,45+,Free
1043,2025-07-17,Google Ads,Android,India,25-34,Free
1044,2024-04-08,Instagram,Web,UK,45+,Free
1045,2024-08-19,Google Ads,Android,USA,35-44,Free
1046,2024-09-30,Organic,iOS,USA,18-24,Free
1047,2025-05-22,Organic,Android,India,45+,Free
1048,2025-11-09,Referral,Android,UK,18-24,Free
1049,2025-01-09,Google Ads,Android,Canada,45+,Free
1050,2024-05-07,Organic,Android,UK,18-24,Free
1051,2025-09-20,Referral,Web,Canada,45+,Free
1052,2025-08-14,Organic,Android,Canada,35-44,Free
1053,2025-06-25,Instagram,Android,India,18-24,Free
1054,2024-06-10,Organic,iOS,UK,35-44,Premium
1055,2024-05-16,Instagram,iOS,India,35-44,Free
1056,2024-10-04,Instagram,Web,UK,35-44,Free
1057,2024-11-21,Google Ads,Web,Canada,45+,Free
1058,2025-06-27,YouTube,Android,UK,18-24,Free
1059,2025-07-04,Google Ads,iOS,USA,35-44,Free
1060,2024-09-18,Organic,Android,India,18-24,Free
1061,2025-11-18,Instagram,Web,UK,45+,Free
1062,2025-05-12,Referral,Android,Canada,18-24,Free
1063,2024-12-01,Instagram,Android,UK,45+,Premium
1064,2024-09-16,Instagram,Android,Canada,45+,Premium
1065,2025-07-09,Google Ads,iOS,Canada,45+,Free
1066,2025-05-28,YouTube,Web,UK,18-24,Premium
1067,2025-02-19,Organic,Android,Canada,18-24,Free
1068,2025-02-16,Instagram,Android,Canada,35-44,Free
1069,2025-02-27,Google Ads,Web,Canada,35-44,Free
1070,2024-10-05,Instagram,Android,UK,35-44,Premium
1071,2025-02-12,Google Ads,Android,UK,25-34,Free
1072,2025-01-20,Referral,Android,India,25-34,Premium
1073,2024-03-25,Google Ads,Android,Canada,18-24,Free
1074,2024-03-02,Organic,Android,USA,45+,Free
1075,2025-12-14,YouTube,Android,Canada,25-34,Free
1076,2024-12-16,Instagram,iOS,India,25-34,Free
1077,2025-08-23,Organic,Android,UK,45+,Premium
1078,2025-08-19,Referral,iOS,India,18-24,Premium
1079,2024-05-11,Google Ads,iOS,India,18-24,Free
1080,2025-09-25,YouTube,iOS,UK,35-44,Free
1081,2024-02-04,Google Ads,iOS,Canada,18-24,Free
1082,2025-10-25,Instagram,Android,India,18-24,Free
1083,2024-03-18,Google Ads,Android,Canada,45+,Free
1084,2024-03-17,Google Ads,Android,USA,25-34,Free
1085,2025-04-04,Referral,Android,Canada,18-24,Free
1086,2025-04-19,Google Ads,Android,India,18-24,Free
1087,2024-02-12,YouTube,iOS,UK,18-24,Free
1088,2025-04-27,Organic,Android,USA,45+,Premium
1089,2024-03-07,Google Ads,Web,UK,45+,Free
1090,2025-08-27,Instagram,Android,India,25-34,Free
1091,2024-03-18,YouTube,Android,Canada,18-24,Free
1092,2024-05-07,Instagram,Android,USA,25-34,Free
1093,2024-10-24,Organic,Android,Canada,35-44,Free
1094,2024-02-14,YouTube,Android,Canada,45+,Free
1095,2024-10-25,Google Ads,iOS,USA,25-34,Free
1096,2024-01-21,Google Ads,Android,Canada,35-44,Premium
1097,2024-09-01,Google Ads,Android,India,18-24,Free
1098,2024-04-18,Google Ads,iOS,India,45+,Free
1099,2025-03-20,Google Ads,Web,UK,45+,Free
1100,2024-06-26,Google Ads,iOS,UK,35-44,Premium
1101,2024-05-19,Instagram,Android,India,45+,Premium
1102,2025-12-20,YouTube,Android,UK,35-44,Free
1103,2024-02-07,Organic,Android,Canada,18-24,Free
1104,2024-02-14,Organic,iOS,USA,18-24,Premium
1105,2025-04-05,YouTube,iOS,Canada,45+,Free
1106,2025-08-10,Google Ads,iOS,USA,45+,Free
1107,2024-10-10,Organic,Android,UK,45+,Premium
1108,2024-07-01,Organic,iOS,Canada,18-24,Premium
1109,2025-04-26,Instagram,Web,USA,35-44,Free
1110,2024-12-22,Instagram,Android,India,35-44,Free
1111,2025-07-04,Instagram,Android,Canada,45+,Free
1112,2025-04-22,Referral,Android,India,45+,Free
1113,2025-01-18,Referral,Android,Canada,18-24,Free
1114,2025-04-10,YouTube,iOS,UK,18-24,Free
1115,2025-01-10,Organic,Android,USA,35-44,Free
1116,2024-07-30,Referral,iOS,India,45+,Free
1117,2025-05-03,YouTube,iOS,UK,35-44,Free
1118,2025-10-24,YouTube,iOS,Canada,45+,Free
1119,2025-04-14,Instagram,iOS,UK,25-34,Premium
1120,2024-01-21,Organic,iOS,UK,18-24,Free
1121,2025-05-07,Referral,iOS,UK,45+,Free
1122,2025-04-21,Referral,iOS,India,35-44,Free
1123,2025-03-25,Referral,iOS,Canada,18-24,Free
1124,2025-07-08,YouTube,Android,India,35-44,Free
1125,2024-12-14,Organic,iOS,UK,25-34,Free
1126,2024-11-10,Instagram,Android,USA,25-34,Free
1127,2024-07-31,Instagram,iOS,USA,18-24,Premium
1128,2025-05-19,Google Ads,Android,USA,18-24,Free
1129,2025-07-02,Organic,iOS,Canada,25-34,Premium
1130,2024-06-10,Google Ads,Web,UK,45+,Free
1131,2025-07-28,Google Ads,Android,Canada,25-34,Free
1132,2025-10-05,Organic,iOS,Canada,35-44,Free
1133,2025-06-23,Organic,Android,UK,45+,Free
1134,2024-06-06,Instagram,Android,UK,35-44,Premium
1135,2025-04-08,Referral,Web,USA,45+,Free
1136,2025-03-03,YouTube,iOS,Canada,45+,Premium
1137,2024-06-06,YouTube,Android,Canada,25-34,Premium
1138,2024-11-03,Google Ads,Android,Canada,25-34,Premium
1139,2024-10-11,YouTube,Android,UK,35-44,Free
1140,2024-11-19,YouTube,Android,USA,35-44,Free
1141,2025-04-19,Instagram,Android,UK,18-24,Free
1142,2024-01-24,Referral,iOS,USA,45+,Free
1143,2025-04-05,Referral,Android,Canada,18-24,Free
1144,2024-04-28,Google Ads,Android,UK,35-44,Free
1145,2025-06-03,YouTube,Android,USA,35-44,Free
1146,2025-03-11,YouTube,Android,India,18-24,Free
1147,2024-04-13,Organic,Android,Canada,25-34,Free
1148,2025-05-28,Organic,iOS,India,35-44,Premium
1149,2025-05-01,Referral,Android,India,18-24,Free
1150,2024-07-10,Organic,Android,Canada,45+,Premium
1151,2024-10-17,Google Ads,Web,UK,35-44,Free
1152,2024-06-17,YouTube,iOS,Canada,25-34,Free
1153,2025-09-15,Referral,Web,India,25-34,Free
1154,2024-04-07,Instagram,iOS,Canada,18-24,Free
1155,2025-08-06,Referral,iOS,USA,45+,Free
1156,2025-09-03,Organic,Android,USA,35-44,Premium
1157,2025-10-04,Instagram,Android,Canada,18-24,Free
1158,2024-09-12,Organic,Web,India,35-44,Premium
1159,2025-01-30,Referral,Android,Canada,45+,Free
1160,2025-03-12,YouTube,Android,Canada,18-24,Free
1161,2024-01-09,Referral,Android,UK,25-34,Free
1162,2025-05-14,YouTube,Android,India,25-34,Premium
1163,2024-09-03,YouTube,Android,India,35-44,Free
1164,2025-06-22,Referral,iOS,India,45+,Free
1165,2024-01-28,Google Ads,Android,Canada,25-34,Free
1166,2024-12-31,YouTube,Android,UK,18-24,Free
1167,2025-10-15,Instagram,Android,India,35-44,Free
1168,2024-08-05,YouTube,iOS,UK,35-44,Free
1169,2025-12-17,Instagram,Android,USA,45+,Premium
1170,2024-05-25,Google Ads,Web,India,35-44,Free
1171,2025-06-13,Google Ads,Android,USA,25-34,Free
1172,2024-07-03,YouTube,iOS,USA,45+,Free
1173,2024-03-25,Referral,iOS,Canada,35-44,Free
1174,2025-02-24,Google Ads,Web,Canada,35-44,Free
1175,2024-08-19,Referral,iOS,Canada,25-34,Free
1176,2025-07-15,YouTube,Android,USA,35-44,Free
1177,2025-11-03,Google Ads,Android,Canada,45+,Premium
1178,2025-10-13,Google Ads,iOS,India,18-24,Free
1179,2025-04-11,Organic,Web,UK,35-44,Premium
1180,2024-02-13,Referral,Android,UK,35-44,Premium
1181,2025-02-03,Referral,Web,Canada,18-24,Free
1182,2024-03-06,Referral,Android,USA,18-24,Premium
1183,2024-07-29,YouTube,Web,UK,18-24,Free
1184,2025-03-01,Google Ads,iOS,USA,25-34,Premium
1185,2024-09-03,Organic,Android,USA,25-34,Premium
1186,2024-08-03,Google Ads,iOS,USA,18-24,Free
1187,2024-06-11,YouTube,Android,India,25-34,Free
1188,2024-07-13,Organic,iOS,India,25-34,Free
1189,2025-11-13,YouTube,iOS,India,25-34,Free
1190,2025-12-17,Google Ads,Android,India,45+,Free
1191,2025-07-10,Instagram,Android,India,25-34,Free
1192,2024-01-07,YouTube,Android,USA,25-34,Free
1193,2024-12-18,Referral,iOS,USA,18-24,Free
1194,2025-12-06,Google Ads,iOS,Canada,25-34,Free
1195,2024-10-29,Google Ads,Android,India,35-44,Free
1196,2024-08-31,Organic,iOS,UK,18-24,Free
1197,2024-11-30,Instagram,Web,Canada,25-34,Free
1198,2025-07-03,Instagram,iOS,India,45+,Free
1199,2024-04-21,Google Ads,Web,Canada,35-44,Free
1200,2025-11-07,Instagram,Android,UK,25-34,Free
1201,2025-03-23,Organic,Android,UK,45+,Free
1202,2024-07-10,Referral,Android,India,35-44,Free
1203,2025-09-29,Google Ads,iOS,UK,18-24,Free
1204,2025-07-26,Instagram,iOS,USA,45+,Premium
1205,2025-05-29,YouTube,Android,USA,35-44,Free
1206,2024-04-12,YouTube,Web,India,45+,Premium
1207,2024-02-29,Google Ads,Web,Canada,35-44,Free
1208,2025-05-07,Referral,Web,UK,35-44,Free
1209,2024-01-14,Instagram,Web,USA,35-44,Premium
1210,2025-02-08,Google Ads,Android,USA,25-34,Free
1211,2025-04-09,Instagram,iOS,USA,18-24,Free
1212,2025-12-25,Instagram,Web,USA,35-44,Free
1213,2024-01-26,Google Ads,iOS,India,35-44,Free
1214,2025-05-13,Instagram,Android,Canada,45+,Free
1215,2024-03-28,Organic,Android,India,18-24,Free
1216,2024-09-24,Google Ads,iOS,Canada,25-34,Free
1217,2024-09-13,Instagram,Android,UK,45+,Free
1218,2024-06-15,Instagram,Web,USA,45+,Free
1219,2025-01-21,Referral,iOS,India,35-44,Free
1220,2025-10-04,Referral,Web,India,25-34,Free
1221,2024-01-26,Referral,iOS,UK,18-24,Free
1222,2024-02-07,Referral,iOS,India,35-44,Free
1223,2025-06-24,Referral,Android,USA,45+,Premium
1224,2024-12-14,Instagram,Web,Canada,45+,Free
1225,2025-03-10,Instagram,iOS,India,35-44,Free
1226,2025-07-10,Referral,iOS,USA,45+,Free
1227,2024-07-04,Organic,Android,India,25-34,Free
1228,2024-12-13,Referral,Android,UK,18-24,Premium
1229,2024-04-02,Organic,Android,Canada,45+,Free
1230,2025-05-06,Google Ads,Android,Canada,45+,Free
1231,2025-08-20,Instagram,Android,India,35-44,Free
1232,2024-04-26,Instagram,Web,USA,35-44,Free
1233,2024-07-05,YouTube,Android,USA,18-24,Free
1234,2024-08-22,Organic,Android,Canada,25-34,Free
1235,2024-01-18,Referral,Web,India,45+,Free
1236,2024-03-02,YouTube,Android,India,45+,Premium
1237,2024-07-23,Instagram,Web,Canada,35-44,Free
1238,2025-10-08,Organic,Android,India,45+,Free
1239,2025-07-04,YouTube,Android,UK,45+,Free
1240,2024-06-09,Organic,Android,India,25-34,Free
1241,2024-06-04,Organic,iOS,India,25-34,Free
1242,2024-10-15,Referral,Android,India,45+,Free
1243,2025-03-09,Instagram,Web,UK,35-44,Free
1244,2025-11-29,Instagram,iOS,India,45+,Free
1245,2025-06-12,Google Ads,iOS,USA,45+,Premium
1246,2025-07-26,Referral,Web,Canada,25-34,Free
1247,2024-03-14,Instagram,iOS,UK,35-44,Free
1248,2024-12-15,Referral,iOS,India,25-34,Free
1249,2025-09-23,Referral,Web,India,18-24,Free
1250,2025-08-16,Organic,iOS,USA,35-44,Free
1251,2025-04-03,YouTube,Web,Canada,18-24,Free
1252,2025-10-03,YouTube,Android,India,25-34,Free
1253,2025-05-06,Referral,Android,UK,35-44,Free
1254,2025-01-31,Referral,Android,Canada,25-34,Premium
1255,2024-06-22,Organic,iOS,Canada,25-34,Free
1256,2025-02-24,Instagram,Android,India,25-34,Free
1257,2024-11-15,Instagram,Android,USA,25-34,Free
1258,2024-01-17,Organic,Web,Canada,35-44,Free
1259,2024-09-17,Google Ads,iOS,Canada,45+,Free
1260,2025-06-28,Organic,Android,USA,25-34,Premium
1261,2025-01-25,YouTube,Web,Canada,18-24,Free
1262,2025-12-24,Google Ads,Android,USA,45+,Free
1263,2024-06-12,Instagram,Web,UK,45+,Free
1264,2025-02-26,Organic,iOS,USA,18-24,Premium
1265,2024-10-19,YouTube,iOS,India,25-34,Premium
1266,2024-06-17,Organic,Android,India,25-34,Free
1267,2024-04-13,Instagram,Web,UK,45+,Premium
1268,2024-06-16,Google Ads,Android,USA,25-34,Free
1269,2024-01-18,Google Ads,Android,India,35-44,Free
1270,2024-08-29,Organic,Android,USA,25-34,Free
1271,2024-05-26,Organic,Android,UK,45+,Free
1272,2025-04-05,Organic,Android,India,45+,Free
1273,2024-11-01,YouTube,iOS,India,35-44,Free
1274,2024-02-07,Organic,iOS,UK,35-44,Free
1275,2024-10-23,Referral,Android,Canada,45+,Premium
1276,2025-04-07,YouTube,iOS,India,18-24,Free
1277,2024-04-26,Referral,iOS,UK,18-24,Premium
1278,2025-04-23,Instagram,Android,UK,35-44,Free
1279,2024-07-21,Organic,Android,Canada,35-44,Free
1280,2024-03-26,Instagram,Android,USA,35-44,Premium
1281,2024-02-23,Instagram,Android,UK,45+,Free
1282,2024-01-06,Instagram,Android,India,25-34,Free
1283,2025-06-21,Organic,iOS,USA,35-44,Free
1284,2024-07-25,Google Ads,Web,Canada,25-34,Premium
1285,2024-05-03,Organic,Web,India,18-24,Free
1286,2024-06-14,Referral,Android,USA,45+,Free
1287,2025-01-04,YouTube,iOS,UK,25-34,Free
1288,2024-06-01,Organic,Android,USA,18-24,Free
1289,2024-03-03,Organic,iOS,USA,35-44,Free
1290,2024-04-19,Referral,Web,USA,45+,Free
1291,2025-04-01,Referral,Web,Canada,25-34,Free
1292,2025-06-09,Google Ads,Android,USA,25-34,Free
1293,2024-03-15,Referral,Android,UK,18-24,Free
1294,2024-04-08,Instagram,iOS,USA,45+,Free
1295,2025-10-19,Organic,Android,Canada,18-24,Premium
1296,2024-05-07,Organic,iOS,USA,18-24,Free
1297,2024-05-24,Referral,Android,USA,35-44,Premium
1298,2024-08-30,Referral,Android,USA,18-24,Free
1299,2024-11-03,Instagram,Web,Canada,25-34,Free
1300,2024-03-01,YouTube,Android,India,25-34,Free
1301,2025-12-08,Google Ads,Android,UK,35-44,Free
1302,2024-07-02,YouTube,iOS,UK,45+,Free
1303,2025-10-23,Google Ads,iOS,India,18-24,Free
1304,2024-10-16,Referral,Android,UK,35-44,Free
1305,2025-04-26,Instagram,Android,Canada,35-44,Free
1306,2025-06-29,Referral,Web,UK,25-34,Premium
1307,2025-07-08,YouTube,Android,USA,35-44,Free
1308,2025-11-06,Google Ads,Android,USA,45+,Free
1309,2024-09-25,Google Ads,Web,USA,18-24,Free
1310,2024-09-15,Instagram,Android,UK,45+,Free
1311,2024-06-30,Instagram,Web,India,45+,Free
1312,2024-03-22,Referral,iOS,USA,18-24,Free
1313,2024-06-22,Instagram,Android,UK,18-24,Free
1314,2025-07-06,Google Ads,iOS,USA,25-34,Premium
1315,2024-12-18,YouTube,iOS,Canada,35-44,Free
1316,2025-12-21,YouTube,iOS,UK,25-34,Premium
1317,2025-08-28,YouTube,Android,India,45+,Premium
1318,2025-08-28,Instagram,Android,Canada,18-24,Premium
1319,2024-08-30,Instagram,Android,India,18-24,Premium
1320,2025-06-12,Instagram,Android,India,18-24,Free
1321,2025-02-26,Google Ads,Web,Canada,35-44,Free
1322,2025-09-12,Instagram,Android,UK,25-34,Premium
1323,2024-04-30,YouTube,Android,Canada,35-44,Free
1324,2025-11-13,YouTube,iOS,India,45+,Free
1325,2025-10-30,Referral,iOS,Canada,35-44,Free
1326,2025-07-07,Referral,iOS,India,25-34,Premium
1327,2025-04-01,Organic,Android,Canada,25-34,Free
1328,2025-12-10,YouTube,iOS,Canada,18-24,Free
1329,2025-01-09,Referral,Android,Canada,45+,Premium
1330,2024-09-30,Google Ads,Android,Canada,25-34,Free
1331,2025-05-02,Organic,iOS,UK,25-34,Premium
1332,2024-12-19,Instagram,iOS,Canada,35-44,Free
1333,2024-08-23,Google Ads,Android,Canada,45+,Free
1334,2025-08-28,Instagram,iOS,UK,25-34,Free
1335,2024-05-02,Organic,iOS,Canada,18-24,Premium
1336,2024-06-14,Instagram,Android,UK,35-44,Free
1337,2024-07-20,Organic,Android,UK,18-24,Free
1338,2024-05-15,Instagram,Web,Canada,25-34,Free
1339,2024-12-10,YouTube,Android,Canada,45+,Free
1340,2024-12-07,Referral,iOS,USA,25-34,Free
1341,2024-07-03,Instagram,Web,Canada,35-44,Free
1342,2025-04-19,Google Ads,Web,Canada,18-24,Free
1343,2025-11-28,Google Ads,Android,UK,18-24,Free
1344,2025-05-27,Organic,iOS,India,25-34,Free
1345,2024-10-30,YouTube,Android,Canada,45+,Premium
1346,2024-08-30,Organic,iOS,USA,18-24,Free
1347,2025-08-05,Instagram,iOS,USA,45+,Free
1348,2025-05-17,Instagram,iOS,UK,35-44,Free
1349,2024-01-09,YouTube,Android,Canada,35-44,Free
1350,2024-07-27,Organic,iOS,USA,45+,Free
1351,2024-06-07,Google Ads,iOS,USA,25-34,Free
1352,2025-03-08,Organic,iOS,UK,35-44,Free
1353,2024-11-27,Referral,Android,India,45+,Free
1354,2024-05-02,Google Ads,iOS,UK,35-44,Free
1355,2024-02-03,Organic,Web,UK,25-34,Free
1356,2024-06-20,Instagram,iOS,USA,45+,Free
1357,2025-07-17,Google Ads,iOS,Canada,45+,Free
1358,2024-03-16,Organic,Android,India,45+,Free
1359,2025-07-02,Instagram,Web,India,25-34,Free
1360,2025-04-07,Instagram,Android,Canada,45+,Free
1361,2024-03-04,Instagram,iOS,Canada,45+,Free
1362,2025-09-19,YouTube,Web,India,25-34,Free
1363,2024-09-05,Organic,iOS,USA,35-44,Free
1364,2024-05-31,YouTube,Android,UK,45+,Free
1365,2025-07-14,Referral,Android,UK,18-24,Premium
1366,2024-07-28,YouTube,Android,USA,45+,Free
1367,2024-02-25,Referral,iOS,USA,18-24,Free
1368,2024-01-01,Referral,Web,India,25-34,Premium
1369,2024-08-02,Instagram,Android,India,45+,Free
1370,2024-10-30,YouTube,Android,Canada,35-44,Free
1371,2025-09-08,Google Ads,Web,USA,18-24,Free
1372,2025-08-29,Google Ads,Web,Canada,45+,Free
1373,2025-04-09,YouTube,Web,UK,25-34,Free
1374,2025-07-17,Referral,Android,Canada,18-24,Free
1375,2025-04-19,Referral,Android,Canada,25-34,Free
1376,2025-08-26,YouTube,Web,USA,25-34,Free
1377,2024-08-09,Referral,Android,India,25-34,Free
1378,2024-01-17,Organic,Web,UK,35-44,Free
1379,2025-01-20,Instagram,iOS,India,18-24,Free
1380,2024-10-20,YouTube,Android,Canada,45+,Free
1381,2024-02-26,YouTube,Android,UK,35-44,Free
1382,2024-04-09,Instagram,Web,UK,35-44,Premium
1383,2025-01-26,Instagram,iOS,India,45+,Premium
1384,2025-09-02,Google Ads,iOS,UK,18-24,Premium
1385,2025-04-20,Instagram,iOS,Canada,35-44,Free
1386,2024-02-19,Referral,Web,Canada,25-34,Free
1387,2025-11-04,Organic,Android,UK,18-24,Free
1388,2024-07-18,Referral,Android,USA,18-24,Free
1389,2025-05-15,Organic,Web,India,25-34,Free
1390,2025-12-28,Organic,Android,UK,25-34,Free
1391,2024-12-04,Google Ads,Android,USA,35-44,Premium
1392,2024-05-20,Organic,Android,Canada,18-24,Premium
1393,2025-11-09,Instagram,Android,USA,35-44,Free
1394,2025-02-10,Referral,Android,Canada,35-44,Free
1395,2025-10-27,YouTube,Web,India,25-34,Free
1396,2024-04-15,Instagram,Android,Canada,18-24,Free
1397,2025-03-26,YouTube,iOS,India,45+,Premium
1398,2025-02-07,YouTube,Android,Canada,35-44,Free
1399,2025-02-18,Instagram,Web,USA,45+,Premium
1400,2025-11-03,Organic,Android,UK,45+,Free
1401,2024-08-31,Instagram,Web,Canada,35-44,Free
1402,2024-04-15,Organic,Android,Canada,25-34,Free
1403,2025-02-07,Referral,iOS,Canada,45+,Free
1404,2024-07-30,YouTube,Android,UK,35-44,Premium
1405,2025-08-29,Google Ads,Android,USA,18-24,Free
1406,2024-08-14,Instagram,Android,India,18-24,Free
1407,2025-01-31,Instagram,Web,USA,18-24,Free
1408,2024-04-22,Google Ads,Android,UK,45+,Premium
1409,2025-06-27,Organic,Web,USA,25-34,Free
1410,2025-09-12,Referral,Android,UK,45+,Free
1411,2025-10-17,Google Ads,Android,USA,25-34,Premium
1412,2024-12-28,Instagram,iOS,UK,25-34,Premium
1413,2025-07-03,YouTube,Web,USA,35-44,Free
1414,2025-08-15,Instagram,Android,Canada,25-34,Premium
1415,2025-02-26,Organic,iOS,Canada,35-44,Free
1416,2024-05-10,Google Ads,iOS,USA,18-24,Free
1417,2025-05-09,Referral,Android,USA,45+,Free
1418,2025-04-03,Instagram,iOS,USA,18-24,Free
1419,2024-01-19,Instagram,iOS,Canada,18-24,Free
1420,2024-09-27,Organic,iOS,India,35-44,Free
1421,2024-05-15,Referral,iOS,India,25-34,Premium
1422,2024-08-28,Google Ads,Android,USA,45+,Free
1423,2024-03-29,Referral,Android,UK,35-44,Free
1424,2025-11-30,Instagram,Android,UK,18-24,Premium
1425,2024-07-11,Google Ads,Android,India,25-34,Free
1426,2024-09-21,Referral,Android,USA,45+,Free
1427,2024-12-16,Referral,Android,India,25-34,Free
1428,2025-09-17,YouTube,Android,UK,25-34,Free
1429,2024-10-25,Referral,Android,USA,45+,Free
1430,2024-02-09,Instagram,Android,Canada,18-24,Free
1431,2025-10-08,YouTube,Android,Canada,45+,Free
1432,2024-10-06,YouTube,Android,UK,35-44,Premium
1433,2024-01-27,Instagram,Android,India,18-24,Free
1434,2025-07-16,Organic,Web,Canada,45+,Free
1435,2025-06-19,Referral,iOS,India,25-34,Free
1436,2025-06-25,Google Ads,Web,Canada,18-24,Free
1437,2024-04-21,Referral,iOS,USA,35-44,Free
1438,2024-09-26,Referral,iOS,India,35-44,Free
1439,2025-04-05,Google Ads,iOS,Canada,25-34,Free
1440,2024-07-21,Organic,Android,Canada,18-24,Free
1441,2025-09-03,Instagram,Android,Canada,25-34,Free
1442,2024-08-21,Referral,Android,India,18-24,Free
1443,2024-02-12,Referral,iOS,Canada,18-24,Free
1444,2025-02-28,Instagram,iOS,UK,25-34,Free
1445,2025-03-23,Organic,Android,USA,25-34,Premium
1446,2025-05-07,Organic,Web,USA,45+,Premium
1447,2025-07-06,YouTube,iOS,USA,25-34,Free
1448,2025-10-08,Referral,Android,UK,35-44,Free
1449,2025-06-06,Google Ads,Web,Canada,18-24,Premium
1450,2024-09-10,Instagram,Android,UK,35-44,Free
1451,2025-08-19,YouTube,Android,Canada,45+,Free
1452,2024-04-09,Referral,Android,India,35-44,Free
1453,2024-12-27,Referral,iOS,Canada,45+,Free
1454,2024-09-23,YouTube,iOS,India,25-34,Free
1455,2025-11-29,Organic,iOS,UK,25-34,Free
1456,2025-09-08,Instagram,Android,Canada,45+,Free
1457,2024-07-11,Instagram,Android,India,35-44,Free
1458,2024-05-19,YouTube,Web,India,18-24,Premium
1459,2024-06-02,Referral,Android,USA,45+,Premium
1460,2025-12-10,Instagram,Web,USA,35-44,Free
1461,2024-06-24,YouTube,Android,UK,45+,Free
1462,2025-04-28,Instagram,Android,India,45+,Free
1463,2025-12-26,Google Ads,iOS,Canada,18-24,Free
1464,2024-01-20,Google Ads,Android,UK,18-24,Free
1465,2025-02-20,Referral,iOS,USA,18-24,Free
1466,2024-11-11,Instagram,iOS,India,25-34,Premium
1467,2025-05-03,YouTube,Android,UK,35-44,Free
1468,2024-10-03,Organic,Android,UK,25-34,Free
1469,2024-12-18,Referral,Android,USA,35-44,Free
1470,2024-10-02,Instagram,Android,UK,18-24,Free
1471,2025-04-05,Google Ads,Android,India,45+,Free
1472,2025-04-15,Instagram,iOS,India,45+,Free
1473,2025-01-30,Instagram,Web,Canada,18-24,Premium
1474,2024-03-13,YouTube,Android,India,25-34,Free
1475,2025-10-21,Google Ads,iOS,Canada,25-34,Free
1476,2024-04-13,Google Ads,Web,Canada,45+,Free
1477,2025-03-24,Google Ads,Android,Canada,35-44,Free
1478,2024-04-02,Organic,Android,USA,45+,Premium
1479,2025-06-30,Google Ads,iOS,UK,45+,Premium
1480,2024-01-22,Google Ads,iOS,India,18-24,Free
1481,2024-12-24,Google Ads,Android,UK,25-34,Free
1482,2025-07-16,Organic,Android,UK,25-34,Free
1483,2025-03-28,Referral,Android,India,45+,Free
1484,2025-11-24,Referral,Android,India,35-44,Free
1485,2025-01-23,Instagram,iOS,Canada,45+,Free
1486,2025-01-24,Google Ads,iOS,Canada,35-44,Free
1487,2024-03-22,YouTube,Android,USA,45+,Premium
1488,2024-03-23,Organic,Web,Canada,18-24,Premium
1489,2025-05-26,Instagram,Web,India,35-44,Free
1490,2024-08-18,Organic,Android,UK,18-24,Free
1491,2025-11-09,Referral,Web,UK,18-24,Free
1492,2025-09-22,Google Ads,Web,UK,35-44,Premium
1493,2025-05-09,YouTube,Web,USA,45+,Free
1494,2025-10-20,Organic,iOS,Canada,25-34,Free
1495,2025-04-16,Google Ads,Android,UK,35-44,Premium
1496,2025-09-11,Instagram,Android,Canada,25-34,Free
1497,2024-07-12,Referral,iOS,Canada,25-34,Free
1498,2024-02-06,Google Ads,iOS,USA,35-44,Premium
1499,2025-08-16,YouTube,Android,India,18-24,Free
1500,2024-01-21,YouTube,Web,UK,18-24,Free
1501,2024-09-15,Instagram,Android,Canada,35-44,Free
1502,2025-05-12,YouTube,Web,UK,18-24,Free
1503,2024-06-21,Instagram,iOS,Canada,45+,Free
1504,2025-05-13,Instagram,Android,India,25-34,Free
1505,2024-01-23,Google Ads,iOS,Canada,35-44,Premium
1506,2024-10-23,YouTube,Android,UK,45+,Free
1507,2024-10-08,Instagram,Android,USA,25-34,Free
1508,2024-05-02,Instagram,Android,UK,25-34,Free
1509,2024-11-18,YouTube,Android,India,35-44,Free
1510,2025-04-24,Referral,Android,Canada,35-44,Free
1511,2024-09-06,Google Ads,Android,Canada,18-24,Free
1512,2024-11-22,Organic,iOS,UK,18-24,Free
1513,2024-11-30,YouTube,Android,Canada,25-34,Free
1514,2025-08-07,Referral,iOS,Canada,35-44,Premium
1515,2025-02-16,YouTube,Android,UK,35-44,Free
1516,2025-12-31,Instagram,iOS,USA,25-34,Premium
1517,2024-07-30,Instagram,iOS,Canada,18-24,Free
1518,2025-02-01,Organic,Web,USA,45+,Free
1519,2025-08-09,Google Ads,Web,UK,45+,Free
1520,2024-11-10,Referral,iOS,Canada,45+,Premium
1521,2024-05-01,Organic,iOS,India,35-44,Free
1522,2024-11-09,Instagram,Android,Canada,25-34,Free
1523,2024-04-07,Google Ads,Android,USA,45+,Free
1524,2024-08-11,Referral,Android,UK,25-34,Free
1525,2024-05-17,Google Ads,Android,Canada,25-34,Free
1526,2025-02-24,YouTube,Web,USA,35-44,Free
1527,2025-12-03,Google Ads,Android,UK,25-34,Free
1528,2025-01-15,Instagram,Android,Canada,18-24,Free
1529,2024-03-29,Instagram,Web,USA,25-34,Free
1530,2025-08-01,Instagram,Android,USA,18-24,Free
1531,2025-03-04,Google Ads,iOS,USA,18-24,Free
1532,2025-08-17,Instagram,Web,Canada,45+,Free
1533,2024-03-12,Instagram,iOS,UK,18-24,Free
1534,2025-04-28,Referral,Android,USA,25-34,Free
1535,2024-05-02,Google Ads,Android,UK,35-44,Free
1536,2024-10-31,Instagram,Android,Canada,25-34,Premium
1537,2024-12-22,Referral,iOS,Canada,18-24,Premium
1538,2024-04-28,Instagram,Android,Canada,35-44,Free
1539,2025-06-26,YouTube,Android,India,25-34,Free
1540,2024-03-31,Organic,Android,Canada,45+,Premium
1541,2025-05-18,Referral,iOS,Canada,35-44,Free
1542,2025-10-22,Instagram,Web,USA,25-34,Free
1543,2024-12-31,YouTube,Android,USA,18-24,Free
1544,2024-02-19,Referral,Android,India,35-44,Premium
1545,2024-02-11,Instagram,Web,Canada,25-34,Free
1546,2024-02-15,YouTube,iOS,Canada,45+,Free
1547,2025-11-07,YouTube,Android,India,45+,Free
1548,2025-10-27,Instagram,Android,India,35-44,Premium
1549,2024-08-11,Google Ads,Android,Canada,25-34,Free
1550,2024-08-26,Organic,Android,USA,18-24,Premium
1551,2025-10-11,Instagram,iOS,UK,25-34,Premium
1552,2024-08-19,YouTube,Android,USA,35-44,Free
1553,2024-01-26,Organic,iOS,USA,35-44,Free
1554,2024-01-11,YouTube,iOS,Canada,25-34,Premium
1555,2025-08-30,Organic,Android,Canada,35-44,Free
1556,2024-12-14,Referral,iOS,USA,18-24,Premium
1557,2025-12-14,YouTube,iOS,UK,45+,Free
1558,2024-08-26,YouTube,iOS,USA,18-24,Premium
1559,2024-10-30,Referral,Android,Canada,45+,Free
1560,2025-03-06,Organic,Android,Canada,45+,Premium
1561,2024-09-09,Organic,iOS,USA,18-24,Free
1562,2024-03-27,YouTube,Android,UK,25-34,Free
1563,2025-10-20,Google Ads,Android,UK,35-44,Free
1564,2024-03-10,Instagram,Web,UK,45+,Free
1565,2025-03-21,Instagram,iOS,USA,18-24,Free
1566,2024-10-25,Referral,iOS,UK,25-34,Free
1567,2024-12-28,YouTube,Web,India,45+,Free
1568,2025-05-13,Organic,Android,USA,35-44,Premium
1569,2024-01-27,Google Ads,iOS,India,45+,Premium
1570,2024-01-14,Google Ads,Android,USA,45+,Premium
1571,2025-06-17,Instagram,Android,India,35-44,Free
1572,2025-12-21,Instagram,Android,USA,45+,Free
1573,2024-12-04,Instagram,iOS,USA,35-44,Free
1574,2025-01-13,Instagram,Android,USA,18-24,Free
1575,2024-10-04,Instagram,Android,India,25-34,Free
1576,2025-10-05,Organic,Android,India,45+,Premium
1577,2024-10-01,YouTube,Android,Canada,25-34,Premium
1578,2024-09-21,Organic,Android,USA,45+,Free
1579,2024-03-12,Google Ads,Android,UK,18-24,Free
1580,2025-12-18,YouTube,iOS,India,18-24,Free
1581,2024-06-24,Instagram,Android,India,45+,Premium
1582,2024-11-28,YouTube,iOS,UK,25-34,Free
1583,2025-05-02,Google Ads,Android,USA,25-34,Free
1584,2025-03-03,Referral,Android,Canada,25-34,Free
1585,2024-01-27,Instagram,Web,India,45+,Free
1586,2025-02-12,YouTube,Android,India,18-24,Free
1587,2025-02-27,Instagram,Android,USA,35-44,Premium
1588,2025-07-24,Google Ads,iOS,Canada,18-24,Free
1589,2025-01-30,Referral,iOS,USA,25-34,Premium
1590,2025-01-14,Organic,iOS,India,45+,Free
1591,2024-01-19,Organic,Android,USA,35-44,Free
1592,2025-03-09,YouTube,Android,India,45+,Free
1593,2025-04-03,Instagram,Android,USA,18-24,Free
1594,2024-01-17,Referral,Android,UK,25-34,Free
1595,2025-03-31,Organic,Android,UK,25-34,Free
1596,2024-05-29,Instagram,iOS,USA,18-24,Premium
1597,2025-08-12,Google Ads,iOS,Canada,45+,Free
1598,2025-05-31,Referral,Android,USA,45+,Free
1599,2024-05-17,Referral,iOS,UK,18-24,Free
1600,2025-11-14,Instagram,Web,UK,18-24,Free
1601,2025-04-20,YouTube,Web,India,35-44,Free
1602,2025-06-09,Referral,iOS,UK,35-44,Free
1603,2024-05-21,Referral,iOS,UK,35-44,Free
1604,2024-04-19,Instagram,Android,India,45+,Free
1605,2025-12-08,Instagram,Android,UK,45+,Free
1606,2024-06-17,Organic,Web,UK,25-34,Free
1607,2025-05-17,Google Ads,iOS,USA,25-34,Free
1608,2024-10-15,YouTube,Android,India,45+,Free
1609,2025-05-22,Instagram,Android,UK,25-34,Free
1610,2024-08-19,YouTube,iOS,India,35-44,Free
1611,2025-12-16,Organic,Android,India,25-34,Premium
1612,2025-07-25,YouTube,iOS,India,25-34,Free
1613,2024-12-02,Instagram,Android,UK,35-44,Free
1614,2025-10-28,Instagram,Android,India,18-24,Free
1615,2025-07-18,Google Ads,iOS,USA,45+,Premium
1616,2025-08-11,Google Ads,Android,USA,45+,Free
1617,2025-07-16,Referral,Web,UK,35-44,Free
1618,2025-05-25,Organic,Android,Canada,25-34,Premium
1619,2025-05-25,Instagram,Android,USA,35-44,Premium
1620,2024-09-08,Google Ads,Android,Canada,45+,Free
1621,2024-01-14,Organic,Android,India,45+,Free
1622,2025-05-15,YouTube,Android,USA,45+,Free
1623,2025-09-16,YouTube,Android,India,25-34,Free
1624,2025-04-01,Organic,Android,USA,25-34,Premium
1625,2024-07-14,Google Ads,Android,Canada,18-24,Premium
1626,2025-12-15,YouTube,iOS,UK,45+,Free
1627,2024-04-02,Google Ads,iOS,Canada,35-44,Premium
1628,2025-05-08,Referral,Android,Canada,25-34,Free
1629,2024-12-17,Google Ads,Web,Canada,18-24,Free
1630,2024-08-06,YouTube,Android,India,45+,Free
1631,2025-08-08,Google Ads,Android,USA,35-44,Free
1632,2024-02-08,Instagram,iOS,Canada,35-44,Free
1633,2025-03-29,YouTube,Android,Canada,45+,Free
1634,2025-12-01,Referral,Android,India,35-44,Free
1635,2025-07-09,Instagram,Android,India,25-34,Free
1636,2025-01-27,Instagram,Web,Canada,25-34,Premium
1637,2024-12-30,Instagram,iOS,India,25-34,Free
1638,2025-01-10,Organic,Web,UK,25-34,Premium
1639,2024-04-30,Referral,Android,India,35-44,Premium
1640,2025-08-09,Google Ads,Android,UK,18-24,Free
1641,2024-05-10,Referral,Web,USA,45+,Free
1642,2024-07-23,Organic,iOS,USA,25-34,Free
1643,2024-12-14,Organic,iOS,USA,25-34,Free
1644,2024-11-13,Referral,Android,UK,45+,Free
1645,2025-06-24,Organic,Web,India,18-24,Free
1646,2025-04-05,YouTube,iOS,Canada,18-24,Free
1647,2025-04-15,Instagram,iOS,Canada,35-44,Premium
1648,2025-07-03,Instagram,iOS,USA,45+,Free
1649,2025-05-01,Instagram,iOS,UK,25-34,Free
1650,2025-10-12,Instagram,Android,USA,18-24,Premium
1651,2024-02-06,Instagram,Android,Canada,45+,Free
1652,2025-08-22,Referral,Web,Canada,18-24,Free
1653,2024-12-19,Organic,Android,India,25-34,Premium
1654,2024-11-17,Referral,Android,UK,35-44,Free
1655,2024-05-17,YouTube,Web,USA,18-24,Free
1656,2024-04-07,Instagram,Android,UK,25-34,Free
1657,2025-05-17,Referral,Android,India,18-24,Premium
1658,2024-03-19,Organic,Android,Canada,45+,Free
1659,2024-05-11,YouTube,Android,India,45+,Free
1660,2024-02-05,YouTube,Android,Canada,25-34,Free
1661,2024-06-25,Organic,Android,Canada,25-34,Premium
1662,2024-07-29,Organic,iOS,India,45+,Premium
1663,2025-04-29,Google Ads,iOS,UK,35-44,Free
1664,2025-06-17,YouTube,Web,USA,25-34,Free
1665,2024-01-04,YouTube,Android,UK,25-34,Free
1666,2024-05-27,YouTube,Android,Canada,45+,Free
1667,2024-04-16,Referral,Android,Canada,45+,Free
1668,2025-01-10,Google Ads,Android,India,35-44,Free
1669,2024-11-04,Google Ads,Android,India,25-34,Free
1670,2025-09-19,YouTube,Android,Canada,35-44,Free
1671,2024-05-26,Referral,iOS,USA,25-34,Free
1672,2025-12-07,Google Ads,iOS,USA,18-24,Free
1673,2025-09-28,Referral,iOS,India,25-34,Free
1674,2025-02-01,Instagram,Android,Canada,18-24,Free
1675,2025-09-03,Referral,iOS,USA,18-24,Premium
1676,2024-10-26,Organic,iOS,USA,25-34,Premium
1677,2024-06-02,Instagram,Android,Canada,45+,Free
1678,2025-06-04,YouTube,Android,India,35-44,Premium
1679,2025-07-07,Google Ads,iOS,India,25-34,Free
1680,2024-02-20,YouTube,iOS,USA,18-24,Free
1681,2025-02-10,Referral,Android,UK,45+,Free
1682,2024-02-10,YouTube,Android,UK,45+,Free
1683,2024-12-05,Instagram,Android,India,18-24,Premium
1684,2025-03-31,Organic,Android,Canada,45+,Free
1685,2025-11-16,Google Ads,iOS,UK,25-34,Free
1686,2025-11-17,Referral,iOS,India,25-34,Free
1687,2024-03-22,Google Ads,iOS,Canada,25-34,Free
1688,2025-06-21,Referral,Android,Canada,35-44,Free
1689,2024-05-30,Referral,iOS,UK,18-24,Free
1690,2025-01-29,YouTube,Android,India,25-34,Premium
1691,2025-05-27,Referral,Android,Canada,45+,Free
1692,2025-03-28,Organic,Android,Canada,35-44,Free
1693,2025-01-14,Google Ads,Android,India,35-44,Premium
1694,2025-04-13,Instagram,Android,UK,35-44,Free
1695,2024-04-25,Referral,Android,UK,45+,Free
1696,2024-10-03,Organic,Web,USA,45+,Premium
1697,2024-08-15,Referral,iOS,UK,35-44,Free
1698,2025-08-14,Referral,Android,Canada,25-34,Free
1699,2025-09-06,Google Ads,Android,USA,25-34,Free
1700,2024-06-15,Instagram,Android,UK,45+,Free
1701,2025-11-09,Organic,Android,UK,25-34,Free
1702,2024-05-13,Organic,iOS,Canada,18-24,Free
1703,2025-08-09,YouTube,Android,India,35-44,Free
1704,2024-08-22,Google Ads,Android,UK,25-34,Free
1705,2025-07-18,Google Ads,Android,USA,45+,Free
1706,2024-02-29,Organic,Android,Canada,18-24,Free
1707,2025-04-12,Referral,Android,India,35-44,Free
1708,2024-10-03,Organic,iOS,UK,45+,Free
1709,2025-07-15,Google Ads,Android,India,35-44,Free
1710,2024-10-30,Instagram,Web,UK,35-44,Free
1711,2025-07-21,Instagram,Web,UK,25-34,Premium
1712,2024-06-13,Organic,Android,Canada,35-44,Premium
1713,2024-06-25,Instagram,Android,India,25-34,Free
1714,2024-12-29,YouTube,Android,UK,18-24,Free
1715,2024-01-05,Google Ads,Android,Canada,25-34,Free
1716,2025-07-22,Instagram,Android,Canada,35-44,Free
1717,2025-08-09,YouTube,iOS,India,25-34,Free
1718,2024-11-02,YouTube,iOS,Canada,35-44,Free
1719,2024-11-27,YouTube,iOS,USA,25-34,Free
1720,2024-04-02,Referral,iOS,Canada,35-44,Premium
1721,2024-07-11,Google Ads,Android,Canada,25-34,Free
1722,2025-05-06,Organic,Android,India,25-34,Free
1723,2024-06-27,Organic,Android,Canada,25-34,Premium
1724,2025-04-15,Instagram,iOS,UK,18-24,Free
1725,2025-02-23,Referral,iOS,USA,45+,Premium
1726,2024-11-11,Google Ads,iOS,India,18-24,Free
1727,2025-09-05,Instagram,Android,India,35-44,Premium
1728,2025-03-01,Google Ads,Android,India,25-34,Free
1729,2024-12-30,Organic,Android,UK,45+,Free
1730,2025-02-11,Organic,iOS,India,35-44,Premium
1731,2024-01-31,Instagram,iOS,USA,35-44,Free
1732,2025-10-19,Organic,Android,Canada,18-24,Premium
1733,2024-07-22,Organic,Android,India,45+,Premium
1734,2024-08-09,Organic,Android,UK,35-44,Free
1735,2025-06-22,Referral,iOS,UK,35-44,Free
1736,2025-09-02,YouTube,iOS,USA,18-24,Free
1737,2025-07-28,Google Ads,Android,Canada,35-44,Free
1738,2025-06-27,YouTube,Android,USA,45+,Free
1739,2024-12-23,Google Ads,Android,Canada,35-44,Premium
1740,2024-07-24,Referral,Android,USA,18-24,Free
1741,2025-04-19,Instagram,Android,USA,18-24,Free
1742,2024-03-04,Referral,iOS,UK,35-44,Free
1743,2025-02-19,Instagram,Android,India,45+,Free
1744,2025-05-19,Google Ads,Web,USA,18-24,Premium
1745,2025-05-02,Organic,iOS,USA,25-34,Premium
1746,2024-04-18,Organic,Android,India,35-44,Free
1747,2024-04-15,Instagram,Android,India,45+,Free
1748,2024-08-06,Instagram,Android,Canada,18-24,Free
1749,2025-05-04,YouTube,Android,UK,25-34,Premium
1750,2024-11-10,Referral,iOS,India,35-44,Free
1751,2025-11-24,YouTube,Android,Canada,45+,Free
1752,2025-06-26,Google Ads,iOS,UK,35-44,Free
1753,2024-02-19,YouTube,Android,USA,45+,Free
1754,2025-02-18,Referral,Android,India,25-34,Free
1755,2025-01-01,Instagram,Android,Canada,45+,Premium
1756,2025-11-15,Google Ads,Android,UK,25-34,Free
1757,2024-03-31,Instagram,iOS,UK,45+,Free
1758,2024-06-05,YouTube,Web,India,45+,Premium
1759,2024-04-24,YouTube,iOS,UK,45+,Free
1760,2024-05-21,Referral,Web,UK,35-44,Free
1761,2024-04-13,Referral,iOS,UK,45+,Free
1762,2025-04-17,YouTube,Android,UK,35-44,Free
1763,2024-01-26,YouTube,Web,UK,45+,Free
1764,2024-01-03,Instagram,Android,Canada,35-44,Premium
1765,2025-08-02,Instagram,Android,UK,45+,Free
1766,2025-12-27,Organic,iOS,UK,35-44,Free
1767,2025-11-26,Referral,Android,UK,45+,Free
1768,2025-10-12,YouTube,iOS,UK,18-24,Free
1769,2025-05-08,Google Ads,iOS,UK,45+,Free
1770,2025-10-01,Google Ads,iOS,India,45+,Free
1771,2025-02-08,Organic,Android,India,18-24,Premium
1772,2024-08-04,Google Ads,iOS,UK,35-44,Free
1773,2024-06-19,Google Ads,Android,USA,45+,Free
1774,2024-11-28,Instagram,Android,Canada,18-24,Free
1775,2024-11-27,Referral,Web,India,18-24,Premium
1776,2024-12-04,Google Ads,Web,UK,25-34,Free
1777,2025-09-23,Google Ads,iOS,India,25-34,Free
1778,2025-03-02,Google Ads,Android,Canada,45+,Free
1779,2024-04-18,Instagram,Web,USA,35-44,Free
1780,2025-10-27,YouTube,Android,UK,35-44,Free
1781,2025-11-21,YouTube,iOS,India,25-34,Free
1782,2024-06-01,YouTube,Web,UK,35-44,Premium
1783,2024-12-12,Organic,Android,USA,35-44,Free
1784,2025-07-07,Organic,Android,UK,25-34,Free
1785,2024-02-13,Instagram,Web,UK,45+,Free
1786,2024-06-08,Referral,Android,USA,18-24,Premium
1787,2024-08-23,Organic,Android,Canada,45+,Free
1788,2024-10-06,Organic,Android,USA,25-34,Free
1789,2024-01-06,Google Ads,Android,USA,45+,Free
1790,2025-12-21,Instagram,Android,Canada,45+,Premium
1791,2024-07-25,Organic,Android,USA,45+,Free
1792,2025-06-06,Instagram,iOS,USA,18-24,Free
1793,2025-01-21,YouTube,iOS,India,35-44,Premium
1794,2024-04-18,Organic,Web,Canada,18-24,Free
1795,2025-04-12,Instagram,Web,UK,35-44,Free
1796,2025-04-23,Referral,Android,India,35-44,Premium
1797,2024-10-15,YouTube,Android,USA,25-34,Free
1798,2024-01-28,Instagram,Android,India,18-24,Free
1799,2025-08-02,Referral,iOS,USA,18-24,Free
1800,2024-02-01,Google Ads,Android,Canada,45+,Free
1801,2024-01-10,Instagram,Android,India,18-24,Premium
1802,2025-10-28,Referral,Android,India,25-34,Premium
1803,2024-09-22,Google Ads,Android,India,45+,Free
1804,2025-11-02,Referral,Android,India,25-34,Free
1805,2024-06-05,Google Ads,Android,USA,35-44,Free
1806,2024-04-21,Referral,iOS,Canada,45+,Free
1807,2025-12-23,YouTube,iOS,USA,25-34,Free
1808,2025-11-09,Google Ads,Android,India,45+,Free
1809,2025-07-12,Google Ads,Web,USA,25-34,Free
1810,2024-03-31,Organic,Android,India,35-44,Free
1811,2024-03-31,YouTube,iOS,USA,18-24,Free
1812,2025-06-10,Google Ads,iOS,USA,25-34,Free
1813,2025-07-16,Instagram,iOS,Canada,35-44,Free
1814,2025-01-11,Google Ads,Android,UK,25-34,Free
1815,2024-12-08,YouTube,iOS,UK,45+,Free
1816,2025-07-11,Organic,iOS,India,45+,Premium
1817,2025-03-25,Referral,Web,India,18-24,Premium
1818,2024-04-10,YouTube,Web,Canada,35-44,Free
1819,2024-01-03,Instagram,Web,Canada,25-34,Free
1820,2024-09-21,Google Ads,iOS,UK,45+,Free
1821,2025-05-13,Referral,Android,USA,45+,Free
1822,2024-10-26,YouTube,iOS,India,45+,Free
1823,2024-05-19,Organic,Android,India,18-24,Free
1824,2025-04-22,Instagram,Web,India,25-34,Free
1825,2024-11-10,YouTube,iOS,UK,25-34,Free
1826,2024-03-02,Google Ads,Android,UK,18-24,Premium
1827,2025-10-02,Google Ads,Android,UK,35-44,Free
1828,2025-06-14,YouTube,Android,UK,18-24,Free
1829,2025-04-09,Organic,Android,India,25-34,Free
1830,2025-05-06,Referral,Android,USA,45+,Free
1831,2025-07-03,Instagram,iOS,UK,35-44,Free
1832,2025-08-14,Organic,Android,UK,45+,Premium
1833,2025-12-02,YouTube,Android,USA,45+,Free
1834,2025-08-18,Organic,Web,India,18-24,Premium
1835,2024-09-01,Google Ads,Web,USA,45+,Premium
1836,2024-08-08,YouTube,Android,UK,25-34,Premium
1837,2024-10-30,YouTube,Android,Canada,45+,Free
1838,2024-11-24,Instagram,iOS,USA,18-24,Free
1839,2024-08-31,Organic,Android,India,25-34,Free
1840,2024-02-17,Organic,Android,USA,35-44,Free
1841,2024-11-15,Instagram,Android,Canada,18-24,Free
1842,2025-08-03,Instagram,Web,Canada,35-44,Free
1843,2024-10-24,Organic,iOS,India,18-24,Free
1844,2025-01-23,YouTube,Android,UK,18-24,Free
1845,2024-04-22,Organic,Android,USA,18-24,Free
1846,2024-04-11,YouTube,Android,India,45+,Free
1847,2025-08-24,Instagram,Android,India,18-24,Free
1848,2024-04-25,YouTube,iOS,USA,18-24,Free
1849,2024-06-07,Organic,Android,India,35-44,Free
1850,2024-08-01,Google Ads,iOS,UK,25-34,Premium
1851,2024-01-26,Instagram,Android,UK,25-34,Free
1852,2025-09-28,Referral,Android,Canada,18-24,Free
1853,2024-10-05,Referral,Android,UK,25-34,Free
1854,2024-03-09,Referral,iOS,UK,25-34,Free
1855,2025-08-13,Referral,Web,UK,25-34,Free
1856,2025-04-13,Referral,iOS,USA,25-34,Free
1857,2024-01-24,Referral,iOS,India,35-44,Free
1858,2025-02-26,Instagram,Android,India,18-24,Free
1859,2025-09-30,Instagram,Android,UK,18-24,Free
1860,2024-06-19,YouTube,Android,UK,45+,Premium
1861,2024-03-07,Google Ads,Android,India,45+,Free
1862,2025-06-21,Instagram,Web,UK,45+,Premium
1863,2025-06-27,Organic,Android,India,45+,Free
1864,2025-08-15,Google Ads,iOS,India,18-24,Free
1865,2025-07-06,Organic,Android,Canada,25-34,Free
1866,2024-08-22,Google Ads,Web,Canada,18-24,Free
1867,2025-10-18,Google Ads,Android,India,25-34,Free
1868,2025-03-30,Referral,Web,UK,18-24,Free
1869,2024-01-11,Organic,Android,Canada,45+,Free
1870,2024-08-09,Referral,Android,UK,45+,Free
1871,2025-09-25,Google Ads,Android,USA,18-24,Free
1872,2024-03-16,YouTube,iOS,India,35-44,Free
1873,2024-01-25,Organic,iOS,India,35-44,Premium
1874,2025-03-22,Google Ads,iOS,India,45+,Free
1875,2024-12-17,Organic,Android,India,45+,Free
1876,2025-02-15,Instagram,Android,USA,18-24,Premium
1877,2024-01-22,YouTube,Android,Canada,25-34,Free
1878,2024-10-19,YouTube,Web,UK,45+,Free
1879,2025-07-23,Organic,Web,Canada,35-44,Free
1880,2025-07-13,Instagram,iOS,USA,45+,Free
1881,2024-10-21,Referral,Web,USA,45+,Premium
1882,2025-08-16,Instagram,Web,UK,18-24,Free
1883,2025-09-26,Organic,iOS,Canada,25-34,Free
1884,2024-04-23,YouTube,Web,UK,25-34,Free
1885,2024-03-20,Organic,Android,UK,18-24,Free
1886,2025-03-03,Referral,iOS,Canada,35-44,Premium
1887,2024-11-19,Referral,iOS,India,25-34,Free
1888,2025-06-17,YouTube,Android,India,35-44,Premium
1889,2024-01-11,Instagram,iOS,Canada,45+,Free
1890,2024-02-02,Referral,Android,USA,18-24,Free
1891,2024-04-18,Referral,Android,India,35-44,Free
1892,2025-07-16,Organic,Android,UK,45+,Free
1893,2024-08-13,Google Ads,Android,Canada,18-24,Premium
1894,2025-05-07,Instagram,Android,USA,25-34,Free
1895,2024-05-16,Instagram,Android,India,35-44,Premium
1896,2025-04-30,Instagram,Android,Canada,35-44,Premium
1897,2024-09-09,Referral,Android,India,18-24,Free
1898,2024-05-01,Organic,iOS,USA,45+,Free
1899,2025-12-03,Google Ads,Web,USA,25-34,Premium
1900,2024-03-10,Referral,Android,India,18-24,Free
1901,2025-07-03,Organic,Android,UK,25-34,Free
1902,2024-10-17,Google Ads,Web,USA,45+,Free
1903,2024-10-06,Organic,iOS,Canada,35-44,Premium
1904,2024-08-21,Google Ads,iOS,UK,25-34,Free
1905,2024-02-17,Google Ads,Android,Canada,45+,Free
1906,2025-04-24,Google Ads,iOS,Canada,45+,Free
1907,2025-09-18,Google Ads,Web,Canada,45+,Free
1908,2024-01-23,Organic,iOS,India,18-24,Free
1909,2025-01-29,Organic,Android,Canada,45+,Premium
1910,2024-01-25,Organic,iOS,Canada,45+,Free
1911,2025-08-27,Instagram,iOS,UK,25-34,Free
1912,2024-04-13,Instagram,iOS,USA,45+,Premium
1913,2024-12-13,YouTube,Android,Canada,18-24,Free
1914,2024-06-27,Instagram,Android,Canada,45+,Free
1915,2024-04-01,Google Ads,Android,UK,25-34,Free
1916,2025-12-28,YouTube,iOS,USA,45+,Free
1917,2025-07-03,Organic,Android,USA,45+,Free
1918,2025-01-24,Instagram,iOS,India,25-34,Free
1919,2024-05-23,Instagram,Android,UK,35-44,Free
1920,2025-04-24,Referral,Android,Canada,35-44,Premium
1921,2025-11-02,Instagram,iOS,Canada,25-34,Free
1922,2025-04-25,Referral,Android,UK,18-24,Free
1923,2024-10-21,YouTube,Android,Canada,35-44,Free
1924,2024-04-08,Referral,Android,USA,35-44,Free
1925,2025-05-03,YouTube,iOS,Canada,25-34,Premium
1926,2025-07-27,YouTube,Android,UK,25-34,Free
1927,2025-08-05,Google Ads,Android,India,25-34,Free
1928,2025-11-03,Organic,iOS,UK,45+,Free
1929,2024-03-25,Organic,iOS,India,18-24,Free
1930,2025-03-02,Referral,Android,UK,45+,Free
1931,2024-01-23,Organic,iOS,USA,18-24,Premium
1932,2025-10-08,Instagram,Android,India,25-34,Free
1933,2025-01-28,Referral,Android,USA,35-44,Free
1934,2025-08-15,Organic,Android,UK,25-34,Free
1935,2024-07-29,YouTube,iOS,Canada,18-24,Premium
1936,2024-05-29,Organic,Android,USA,25-34,Free
1937,2025-07-05,Google Ads,Android,India,18-24,Free
1938,2024-03-17,Instagram,Android,UK,35-44,Premium
1939,2025-09-03,Organic,Android,UK,45+,Free
1940,2024-03-15,YouTube,iOS,UK,18-24,Free
1941,2025-03-04,Organic,Web,India,25-34,Free
1942,2025-11-17,Referral,Android,India,18-24,Free
1943,2024-08-20,Referral,iOS,UK,35-44,Free
1944,2025-01-17,Organic,Android,USA,35-44,Free
1945,2024-11-20,Organic,Web,UK,18-24,Free
1946,2024-11-21,Referral,Web,Canada,25-34,Free
1947,2025-01-08,Referral,Web,Canada,35-44,Free
1948,2024-03-27,Google Ads,Android,India,25-34,Free
1949,2024-07-17,Organic,Web,Canada,45+,Free
1950,2024-09-04,Organic,Web,India,45+,Free
1951,2024-01-27,YouTube,Android,UK,35-44,Free
1952,2024-09-17,Google Ads,Android,India,45+,Free
1953,2025-01-21,Google Ads,Android,Canada,18-24,Free
1954,2024-07-19,YouTube,Web,Canada,25-34,Free
1955,2025-05-19,Instagram,iOS,Canada,25-34,Free
1956,2024-03-27,Google Ads,Android,Canada,45+,Free
1957,2024-01-28,Google Ads,iOS,Canada,25-34,Free
1958,2024-09-09,Google Ads,Android,UK,35-44,Premium
1959,2025-11-04,Instagram,Web,USA,35-44,Free
1960,2024-03-18,Instagram,iOS,India,45+,Free
1961,2024-01-17,Referral,iOS,India,25-34,Free
1962,2025-09-27,Referral,Android,USA,18-24,Free
1963,2025-10-03,Organic,Android,USA,18-24,Free
1964,2025-06-23,Referral,iOS,UK,18-24,Free
1965,2025-07-11,Instagram,iOS,USA,35-44,Free
1966,2024-12-22,Organic,Android,USA,45+,Free
1967,2024-01-27,Organic,iOS,UK,25-34,Free
1968,2025-09-16,YouTube,Web,UK,25-34,Free
1969,2025-02-05,YouTube,Android,Canada,25-34,Free
1970,2025-03-05,Referral,Web,India,35-44,Free
1971,2024-04-10,Instagram,Android,UK,45+,Free
1972,2025-03-22,Referral,iOS,India,35-44,Free
1973,2024-09-22,Organic,Android,India,35-44,Free
1974,2025-04-21,Referral,Android,USA,18-24,Free
1975,2025-06-11,YouTube,iOS,USA,45+,Premium
1976,2024-08-18,Instagram,Android,UK,45+,Free
1977,2024-01-15,YouTube,Android,UK,35-44,Free
1978,2024-03-25,Google Ads,iOS,USA,35-44,Free
1979,2025-01-23,Referral,Android,UK,35-44,Free
1980,2025-08-18,Organic,Android,India,18-24,Free
1981,2025-01-21,Organic,Android,USA,45+,Premium
1982,2025-07-18,YouTube,Android,USA,25-34,Free
1983,2025-06-11,YouTube,Android,USA,25-34,Free
1984,2025-03-04,Referral,iOS,UK,18-24,Free
1985,2025-10-19,Google Ads,Android,USA,35-44,Free
1986,2025-02-12,Google Ads,Web,Canada,25-34,Free
1987,2024-03-27,Instagram,iOS,USA,25-34,Free
1988,2024-01-23,Referral,Android,USA,35-44,Premium
1989,2025-12-04,Instagram,Android,India,25-34,Free
1990,2025-02-08,Google Ads,Android,Canada,18-24,Free
1991,2024-06-05,Instagram,iOS,USA,18-24,Premium
1992,2025-02-07,Referral,Android,India,25-34,Free
1993,2025-05-20,Referral,iOS,Canada,45+,Free
1994,2025-01-06,Referral,Android,UK,45+,Free
1995,2024-04-29,Organic,Android,USA,18-24,Free
1996,2024-06-15,Referral,Android,India,25-34,Free
1997,2024-11-10,Organic,Android,India,25-34,Free
1998,2024-06-13,Instagram,Android,USA,25-34,Premium
1999,2024-01-29,Instagram,Web,UK,35-44,Premium
2000,2025-04-26,Google Ads,Android,UK,35-44,Premium
